country_code,country,year,indicator_code,indicator,theme,unit,value,source
DZA,Algeria,1990,BN.CAB.XOKA.GD.ZS,Current account balance,Trade,% of GDP,2.289,World Bank WDI
DZA,Algeria,1991,BN.CAB.XOKA.GD.ZS,Current account balance,Trade,% of GDP,5.177,World Bank WDI
DZA,Algeria,2005,BN.CAB.XOKA.GD.ZS,Current account balance,Trade,% of GDP,19.7858,World Bank WDI
DZA,Algeria,2006,BN.CAB.XOKA.GD.ZS,Current account balance,Trade,% of GDP,23.4985,World Bank WDI
DZA,Algeria,2007,BN.CAB.XOKA.GD.ZS,Current account balance,Trade,% of GDP,21.3033,World Bank WDI
DZA,Algeria,2008,BN.CAB.XOKA.GD.ZS,Current account balance,Trade,% of GDP,18.8234,World Bank WDI
DZA,Algeria,2009,BN.CAB.XOKA.GD.ZS,Current account balance,Trade,% of GDP,0.2872,World Bank WDI
DZA,Algeria,2010,BN.CAB.XOKA.GD.ZS,Current account balance,Trade,% of GDP,6.8736,World Bank WDI
DZA,Algeria,2011,BN.CAB.XOKA.GD.ZS,Current account balance,Trade,% of GDP,8.095,World Bank WDI
DZA,Algeria,2012,BN.CAB.XOKA.GD.ZS,Current account balance,Trade,% of GDP,5.3237,World Bank WDI
DZA,Algeria,2013,BN.CAB.XOKA.GD.ZS,Current account balance,Trade,% of GDP,0.5171,World Bank WDI
DZA,Algeria,2014,BN.CAB.XOKA.GD.ZS,Current account balance,Trade,% of GDP,-3.8772,World Bank WDI
DZA,Algeria,2015,BN.CAB.XOKA.GD.ZS,Current account balance,Trade,% of GDP,-14.4205,World Bank WDI
DZA,Algeria,2016,BN.CAB.XOKA.GD.ZS,Current account balance,Trade,% of GDP,-14.4963,World Bank WDI
DZA,Algeria,2017,BN.CAB.XOKA.GD.ZS,Current account balance,Trade,% of GDP,-11.6218,World Bank WDI
DZA,Algeria,2018,BN.CAB.XOKA.GD.ZS,Current account balance,Trade,% of GDP,-8.6894,World Bank WDI
DZA,Algeria,2019,BN.CAB.XOKA.GD.ZS,Current account balance,Trade,% of GDP,-8.7637,World Bank WDI
DZA,Algeria,2020,BN.CAB.XOKA.GD.ZS,Current account balance,Trade,% of GDP,-11.0309,World Bank WDI
DZA,Algeria,2021,BN.CAB.XOKA.GD.ZS,Current account balance,Trade,% of GDP,-2.4233,World Bank WDI
DZA,Algeria,2022,BN.CAB.XOKA.GD.ZS,Current account balance,Trade,% of GDP,8.623,World Bank WDI
DZA,Algeria,2023,BN.CAB.XOKA.GD.ZS,Current account balance,Trade,% of GDP,2.6203,World Bank WDI
DZA,Algeria,2024,BN.CAB.XOKA.GD.ZS,Current account balance,Trade,% of GDP,-1.0225,World Bank WDI
EGY,"Egypt, Arab Rep.",1990,BN.CAB.XOKA.GD.ZS,Current account balance,Trade,% of GDP,5.4143,World Bank WDI
EGY,"Egypt, Arab Rep.",1991,BN.CAB.XOKA.GD.ZS,Current account balance,Trade,% of GDP,9.011,World Bank WDI
EGY,"Egypt, Arab Rep.",1992,BN.CAB.XOKA.GD.ZS,Current account balance,Trade,% of GDP,7.8125,World Bank WDI
EGY,"Egypt, Arab Rep.",1993,BN.CAB.XOKA.GD.ZS,Current account balance,Trade,% of GDP,5.4489,World Bank WDI
EGY,"Egypt, Arab Rep.",1994,BN.CAB.XOKA.GD.ZS,Current account balance,Trade,% of GDP,0.0597,World Bank WDI
EGY,"Egypt, Arab Rep.",1995,BN.CAB.XOKA.GD.ZS,Current account balance,Trade,% of GDP,-0.4222,World Bank WDI
EGY,"Egypt, Arab Rep.",1996,BN.CAB.XOKA.GD.ZS,Current account balance,Trade,% of GDP,-0.2839,World Bank WDI
EGY,"Egypt, Arab Rep.",1997,BN.CAB.XOKA.GD.ZS,Current account balance,Trade,% of GDP,-0.9058,World Bank WDI
EGY,"Egypt, Arab Rep.",1998,BN.CAB.XOKA.GD.ZS,Current account balance,Trade,% of GDP,-3.0249,World Bank WDI
EGY,"Egypt, Arab Rep.",1999,BN.CAB.XOKA.GD.ZS,Current account balance,Trade,% of GDP,-1.8022,World Bank WDI
EGY,"Egypt, Arab Rep.",2000,BN.CAB.XOKA.GD.ZS,Current account balance,Trade,% of GDP,-0.9726,World Bank WDI
EGY,"Egypt, Arab Rep.",2001,BN.CAB.XOKA.GD.ZS,Current account balance,Trade,% of GDP,-0.4017,World Bank WDI
EGY,"Egypt, Arab Rep.",2002,BN.CAB.XOKA.GD.ZS,Current account balance,Trade,% of GDP,0.731,World Bank WDI
EGY,"Egypt, Arab Rep.",2003,BN.CAB.XOKA.GD.ZS,Current account balance,Trade,% of GDP,4.6623,World Bank WDI
EGY,"Egypt, Arab Rep.",2004,BN.CAB.XOKA.GD.ZS,Current account balance,Trade,% of GDP,4.9779,World Bank WDI
EGY,"Egypt, Arab Rep.",2005,BN.CAB.XOKA.GD.ZS,Current account balance,Trade,% of GDP,2.3453,World Bank WDI
EGY,"Egypt, Arab Rep.",2006,BN.CAB.XOKA.GD.ZS,Current account balance,Trade,% of GDP,2.4532,World Bank WDI
EGY,"Egypt, Arab Rep.",2007,BN.CAB.XOKA.GD.ZS,Current account balance,Trade,% of GDP,0.3156,World Bank WDI
EGY,"Egypt, Arab Rep.",2008,BN.CAB.XOKA.GD.ZS,Current account balance,Trade,% of GDP,-0.8688,World Bank WDI
EGY,"Egypt, Arab Rep.",2009,BN.CAB.XOKA.GD.ZS,Current account balance,Trade,% of GDP,-1.7707,World Bank WDI
EGY,"Egypt, Arab Rep.",2010,BN.CAB.XOKA.GD.ZS,Current account balance,Trade,% of GDP,-2.0567,World Bank WDI
EGY,"Egypt, Arab Rep.",2011,BN.CAB.XOKA.GD.ZS,Current account balance,Trade,% of GDP,-2.3238,World Bank WDI
EGY,"Egypt, Arab Rep.",2012,BN.CAB.XOKA.GD.ZS,Current account balance,Trade,% of GDP,-2.4979,World Bank WDI
EGY,"Egypt, Arab Rep.",2013,BN.CAB.XOKA.GD.ZS,Current account balance,Trade,% of GDP,-1.2251,World Bank WDI
EGY,"Egypt, Arab Rep.",2014,BN.CAB.XOKA.GD.ZS,Current account balance,Trade,% of GDP,-1.9485,World Bank WDI
EGY,"Egypt, Arab Rep.",2015,BN.CAB.XOKA.GD.ZS,Current account balance,Trade,% of GDP,-5.2353,World Bank WDI
EGY,"Egypt, Arab Rep.",2016,BN.CAB.XOKA.GD.ZS,Current account balance,Trade,% of GDP,-6.1647,World Bank WDI
EGY,"Egypt, Arab Rep.",2017,BN.CAB.XOKA.GD.ZS,Current account balance,Trade,% of GDP,-3.1968,World Bank WDI
EGY,"Egypt, Arab Rep.",2018,BN.CAB.XOKA.GD.ZS,Current account balance,Trade,% of GDP,-2.9316,World Bank WDI
EGY,"Egypt, Arab Rep.",2019,BN.CAB.XOKA.GD.ZS,Current account balance,Trade,% of GDP,-3.2076,World Bank WDI
EGY,"Egypt, Arab Rep.",2020,BN.CAB.XOKA.GD.ZS,Current account balance,Trade,% of GDP,-3.709,World Bank WDI
EGY,"Egypt, Arab Rep.",2021,BN.CAB.XOKA.GD.ZS,Current account balance,Trade,% of GDP,-4.3824,World Bank WDI
EGY,"Egypt, Arab Rep.",2022,BN.CAB.XOKA.GD.ZS,Current account balance,Trade,% of GDP,-2.2101,World Bank WDI
EGY,"Egypt, Arab Rep.",2023,BN.CAB.XOKA.GD.ZS,Current account balance,Trade,% of GDP,-3.1734,World Bank WDI
EGY,"Egypt, Arab Rep.",2024,BN.CAB.XOKA.GD.ZS,Current account balance,Trade,% of GDP,-5.686,World Bank WDI
EGY,"Egypt, Arab Rep.",2025,BN.CAB.XOKA.GD.ZS,Current account balance,Trade,% of GDP,-3.8155,World Bank WDI
JOR,Jordan,1990,BN.CAB.XOKA.GD.ZS,Current account balance,Trade,% of GDP,-5.4598,World Bank WDI
JOR,Jordan,1991,BN.CAB.XOKA.GD.ZS,Current account balance,Trade,% of GDP,-9.0584,World Bank WDI
JOR,Jordan,1992,BN.CAB.XOKA.GD.ZS,Current account balance,Trade,% of GDP,-15.7268,World Bank WDI
JOR,Jordan,1993,BN.CAB.XOKA.GD.ZS,Current account balance,Trade,% of GDP,-11.2209,World Bank WDI
JOR,Jordan,1994,BN.CAB.XOKA.GD.ZS,Current account balance,Trade,% of GDP,-6.3818,World Bank WDI
JOR,Jordan,1995,BN.CAB.XOKA.GD.ZS,Current account balance,Trade,% of GDP,-3.8442,World Bank WDI
JOR,Jordan,1996,BN.CAB.XOKA.GD.ZS,Current account balance,Trade,% of GDP,-3.2026,World Bank WDI
JOR,Jordan,1997,BN.CAB.XOKA.GD.ZS,Current account balance,Trade,% of GDP,0.4049,World Bank WDI
JOR,Jordan,1998,BN.CAB.XOKA.GD.ZS,Current account balance,Trade,% of GDP,0.1783,World Bank WDI
JOR,Jordan,1999,BN.CAB.XOKA.GD.ZS,Current account balance,Trade,% of GDP,4.9686,World Bank WDI
JOR,Jordan,2000,BN.CAB.XOKA.GD.ZS,Current account balance,Trade,% of GDP,0.326,World Bank WDI
JOR,Jordan,2001,BN.CAB.XOKA.GD.ZS,Current account balance,Trade,% of GDP,-0.2677,World Bank WDI
JOR,Jordan,2002,BN.CAB.XOKA.GD.ZS,Current account balance,Trade,% of GDP,5.2315,World Bank WDI
JOR,Jordan,2003,BN.CAB.XOKA.GD.ZS,Current account balance,Trade,% of GDP,11.7553,World Bank WDI
JOR,Jordan,2004,BN.CAB.XOKA.GD.ZS,Current account balance,Trade,% of GDP,0.3435,World Bank WDI
JOR,Jordan,2005,BN.CAB.XOKA.GD.ZS,Current account balance,Trade,% of GDP,-18.0414,World Bank WDI
JOR,Jordan,2006,BN.CAB.XOKA.GD.ZS,Current account balance,Trade,% of GDP,-11.4627,World Bank WDI
JOR,Jordan,2007,BN.CAB.XOKA.GD.ZS,Current account balance,Trade,% of GDP,-16.8008,World Bank WDI
JOR,Jordan,2008,BN.CAB.XOKA.GD.ZS,Current account balance,Trade,% of GDP,-8.0075,World Bank WDI
JOR,Jordan,2009,BN.CAB.XOKA.GD.ZS,Current account balance,Trade,% of GDP,-4.5269,World Bank WDI
JOR,Jordan,2010,BN.CAB.XOKA.GD.ZS,Current account balance,Trade,% of GDP,-6.231,World Bank WDI
JOR,Jordan,2011,BN.CAB.XOKA.GD.ZS,Current account balance,Trade,% of GDP,-9.0563,World Bank WDI
JOR,Jordan,2012,BN.CAB.XOKA.GD.ZS,Current account balance,Trade,% of GDP,-13.5171,World Bank WDI
JOR,Jordan,2013,BN.CAB.XOKA.GD.ZS,Current account balance,Trade,% of GDP,-9.2516,World Bank WDI
JOR,Jordan,2014,BN.CAB.XOKA.GD.ZS,Current account balance,Trade,% of GDP,-6.434,World Bank WDI
JOR,Jordan,2015,BN.CAB.XOKA.GD.ZS,Current account balance,Trade,% of GDP,-8.1846,World Bank WDI
JOR,Jordan,2016,BN.CAB.XOKA.GD.ZS,Current account balance,Trade,% of GDP,-8.8166,World Bank WDI
JOR,Jordan,2017,BN.CAB.XOKA.GD.ZS,Current account balance,Trade,% of GDP,-9.647,World Bank WDI
JOR,Jordan,2018,BN.CAB.XOKA.GD.ZS,Current account balance,Trade,% of GDP,-6.2458,World Bank WDI
JOR,Jordan,2019,BN.CAB.XOKA.GD.ZS,Current account balance,Trade,% of GDP,-1.5889,World Bank WDI
JOR,Jordan,2020,BN.CAB.XOKA.GD.ZS,Current account balance,Trade,% of GDP,-5.2262,World Bank WDI
JOR,Jordan,2021,BN.CAB.XOKA.GD.ZS,Current account balance,Trade,% of GDP,-7.3321,World Bank WDI
JOR,Jordan,2022,BN.CAB.XOKA.GD.ZS,Current account balance,Trade,% of GDP,-7.3919,World Bank WDI
JOR,Jordan,2023,BN.CAB.XOKA.GD.ZS,Current account balance,Trade,% of GDP,-3.2559,World Bank WDI
JOR,Jordan,2024,BN.CAB.XOKA.GD.ZS,Current account balance,Trade,% of GDP,-5.3337,World Bank WDI
MAR,Morocco,1990,BN.CAB.XOKA.GD.ZS,Current account balance,Trade,% of GDP,-0.648,World Bank WDI
MAR,Morocco,1991,BN.CAB.XOKA.GD.ZS,Current account balance,Trade,% of GDP,-1.28,World Bank WDI
MAR,Morocco,1992,BN.CAB.XOKA.GD.ZS,Current account balance,Trade,% of GDP,-1.2834,World Bank WDI
MAR,Morocco,1993,BN.CAB.XOKA.GD.ZS,Current account balance,Trade,% of GDP,-1.647,World Bank WDI
MAR,Morocco,1994,BN.CAB.XOKA.GD.ZS,Current account balance,Trade,% of GDP,-2.0305,World Bank WDI
MAR,Morocco,1995,BN.CAB.XOKA.GD.ZS,Current account balance,Trade,% of GDP,-3.0385,World Bank WDI
MAR,Morocco,1996,BN.CAB.XOKA.GD.ZS,Current account balance,Trade,% of GDP,0.0811,World Bank WDI
MAR,Morocco,1997,BN.CAB.XOKA.GD.ZS,Current account balance,Trade,% of GDP,-0.2228,World Bank WDI
MAR,Morocco,1998,BN.CAB.XOKA.GD.ZS,Current account balance,Trade,% of GDP,-0.3092,World Bank WDI
MAR,Morocco,1999,BN.CAB.XOKA.GD.ZS,Current account balance,Trade,% of GDP,-0.3607,World Bank WDI
MAR,Morocco,2000,BN.CAB.XOKA.GD.ZS,Current account balance,Trade,% of GDP,-1.1039,World Bank WDI
MAR,Morocco,2001,BN.CAB.XOKA.GD.ZS,Current account balance,Trade,% of GDP,3.6756,World Bank WDI
MAR,Morocco,2002,BN.CAB.XOKA.GD.ZS,Current account balance,Trade,% of GDP,3.1372,World Bank WDI
MAR,Morocco,2003,BN.CAB.XOKA.GD.ZS,Current account balance,Trade,% of GDP,2.7258,World Bank WDI
MAR,Morocco,2004,BN.CAB.XOKA.GD.ZS,Current account balance,Trade,% of GDP,1.4665,World Bank WDI
MAR,Morocco,2005,BN.CAB.XOKA.GD.ZS,Current account balance,Trade,% of GDP,1.5113,World Bank WDI
MAR,Morocco,2006,BN.CAB.XOKA.GD.ZS,Current account balance,Trade,% of GDP,1.8597,World Bank WDI
MAR,Morocco,2007,BN.CAB.XOKA.GD.ZS,Current account balance,Trade,% of GDP,-0.1404,World Bank WDI
MAR,Morocco,2008,BN.CAB.XOKA.GD.ZS,Current account balance,Trade,% of GDP,-4.4474,World Bank WDI
MAR,Morocco,2009,BN.CAB.XOKA.GD.ZS,Current account balance,Trade,% of GDP,-4.9146,World Bank WDI
MAR,Morocco,2010,BN.CAB.XOKA.GD.ZS,Current account balance,Trade,% of GDP,-3.8915,World Bank WDI
MAR,Morocco,2011,BN.CAB.XOKA.GD.ZS,Current account balance,Trade,% of GDP,-7.267,World Bank WDI
MAR,Morocco,2012,BN.CAB.XOKA.GD.ZS,Current account balance,Trade,% of GDP,-8.9503,World Bank WDI
MAR,Morocco,2013,BN.CAB.XOKA.GD.ZS,Current account balance,Trade,% of GDP,-6.7773,World Bank WDI
MAR,Morocco,2014,BN.CAB.XOKA.GD.ZS,Current account balance,Trade,% of GDP,-5.5378,World Bank WDI
MAR,Morocco,2015,BN.CAB.XOKA.GD.ZS,Current account balance,Trade,% of GDP,-1.9569,World Bank WDI
MAR,Morocco,2016,BN.CAB.XOKA.GD.ZS,Current account balance,Trade,% of GDP,-3.7461,World Bank WDI
MAR,Morocco,2017,BN.CAB.XOKA.GD.ZS,Current account balance,Trade,% of GDP,-3.1021,World Bank WDI
MAR,Morocco,2018,BN.CAB.XOKA.GD.ZS,Current account balance,Trade,% of GDP,-4.8729,World Bank WDI
MAR,Morocco,2019,BN.CAB.XOKA.GD.ZS,Current account balance,Trade,% of GDP,-3.4182,World Bank WDI
MAR,Morocco,2020,BN.CAB.XOKA.GD.ZS,Current account balance,Trade,% of GDP,-1.1276,World Bank WDI
MAR,Morocco,2021,BN.CAB.XOKA.GD.ZS,Current account balance,Trade,% of GDP,-2.3579,World Bank WDI
MAR,Morocco,2022,BN.CAB.XOKA.GD.ZS,Current account balance,Trade,% of GDP,-3.6575,World Bank WDI
MAR,Morocco,2023,BN.CAB.XOKA.GD.ZS,Current account balance,Trade,% of GDP,-1.0477,World Bank WDI
MAR,Morocco,2024,BN.CAB.XOKA.GD.ZS,Current account balance,Trade,% of GDP,-1.2307,World Bank WDI
MAR,Morocco,2025,BN.CAB.XOKA.GD.ZS,Current account balance,Trade,% of GDP,-2.4981,World Bank WDI
TUN,Tunisia,1990,BN.CAB.XOKA.GD.ZS,Current account balance,Trade,% of GDP,-3.7702,World Bank WDI
TUN,Tunisia,1991,BN.CAB.XOKA.GD.ZS,Current account balance,Trade,% of GDP,-3.59,World Bank WDI
TUN,Tunisia,1992,BN.CAB.XOKA.GD.ZS,Current account balance,Trade,% of GDP,-7.1211,World Bank WDI
TUN,Tunisia,1993,BN.CAB.XOKA.GD.ZS,Current account balance,Trade,% of GDP,-9.0568,World Bank WDI
TUN,Tunisia,1994,BN.CAB.XOKA.GD.ZS,Current account balance,Trade,% of GDP,-3.4337,World Bank WDI
TUN,Tunisia,1995,BN.CAB.XOKA.GD.ZS,Current account balance,Trade,% of GDP,-4.2926,World Bank WDI
TUN,Tunisia,1996,BN.CAB.XOKA.GD.ZS,Current account balance,Trade,% of GDP,-2.4389,World Bank WDI
TUN,Tunisia,1997,BN.CAB.XOKA.GD.ZS,Current account balance,Trade,% of GDP,-2.8679,World Bank WDI
TUN,Tunisia,1998,BN.CAB.XOKA.GD.ZS,Current account balance,Trade,% of GDP,-3.0974,World Bank WDI
TUN,Tunisia,1999,BN.CAB.XOKA.GD.ZS,Current account balance,Trade,% of GDP,-1.9254,World Bank WDI
TUN,Tunisia,2000,BN.CAB.XOKA.GD.ZS,Current account balance,Trade,% of GDP,-3.8256,World Bank WDI
TUN,Tunisia,2001,BN.CAB.XOKA.GD.ZS,Current account balance,Trade,% of GDP,-3.8089,World Bank WDI
TUN,Tunisia,2002,BN.CAB.XOKA.GD.ZS,Current account balance,Trade,% of GDP,-3.2239,World Bank WDI
TUN,Tunisia,2003,BN.CAB.XOKA.GD.ZS,Current account balance,Trade,% of GDP,-2.6608,World Bank WDI
TUN,Tunisia,2004,BN.CAB.XOKA.GD.ZS,Current account balance,Trade,% of GDP,-1.4166,World Bank WDI
TUN,Tunisia,2005,BN.CAB.XOKA.GD.ZS,Current account balance,Trade,% of GDP,-0.9274,World Bank WDI
TUN,Tunisia,2006,BN.CAB.XOKA.GD.ZS,Current account balance,Trade,% of GDP,-1.8017,World Bank WDI
TUN,Tunisia,2007,BN.CAB.XOKA.GD.ZS,Current account balance,Trade,% of GDP,-2.3562,World Bank WDI
TUN,Tunisia,2008,BN.CAB.XOKA.GD.ZS,Current account balance,Trade,% of GDP,-3.8147,World Bank WDI
TUN,Tunisia,2009,BN.CAB.XOKA.GD.ZS,Current account balance,Trade,% of GDP,-2.8391,World Bank WDI
TUN,Tunisia,2010,BN.CAB.XOKA.GD.ZS,Current account balance,Trade,% of GDP,-4.5545,World Bank WDI
TUN,Tunisia,2011,BN.CAB.XOKA.GD.ZS,Current account balance,Trade,% of GDP,-7.0356,World Bank WDI
TUN,Tunisia,2012,BN.CAB.XOKA.GD.ZS,Current account balance,Trade,% of GDP,-7.8657,World Bank WDI
TUN,Tunisia,2013,BN.CAB.XOKA.GD.ZS,Current account balance,Trade,% of GDP,-7.9668,World Bank WDI
TUN,Tunisia,2014,BN.CAB.XOKA.GD.ZS,Current account balance,Trade,% of GDP,-8.8779,World Bank WDI
TUN,Tunisia,2015,BN.CAB.XOKA.GD.ZS,Current account balance,Trade,% of GDP,-8.5709,World Bank WDI
TUN,Tunisia,2016,BN.CAB.XOKA.GD.ZS,Current account balance,Trade,% of GDP,-8.5289,World Bank WDI
TUN,Tunisia,2017,BN.CAB.XOKA.GD.ZS,Current account balance,Trade,% of GDP,-10.0144,World Bank WDI
TUN,Tunisia,2018,BN.CAB.XOKA.GD.ZS,Current account balance,Trade,% of GDP,-10.7946,World Bank WDI
TUN,Tunisia,2019,BN.CAB.XOKA.GD.ZS,Current account balance,Trade,% of GDP,-8.0491,World Bank WDI
TUN,Tunisia,2020,BN.CAB.XOKA.GD.ZS,Current account balance,Trade,% of GDP,-6.0123,World Bank WDI
TUN,Tunisia,2021,BN.CAB.XOKA.GD.ZS,Current account balance,Trade,% of GDP,-5.8846,World Bank WDI
TUN,Tunisia,2022,BN.CAB.XOKA.GD.ZS,Current account balance,Trade,% of GDP,-8.8343,World Bank WDI
TUN,Tunisia,2023,BN.CAB.XOKA.GD.ZS,Current account balance,Trade,% of GDP,-2.3037,World Bank WDI
TUN,Tunisia,2024,BN.CAB.XOKA.GD.ZS,Current account balance,Trade,% of GDP,-1.508,World Bank WDI
TUR,Turkiye,1990,BN.CAB.XOKA.GD.ZS,Current account balance,Trade,% of GDP,-1.7424,World Bank WDI
TUR,Turkiye,1991,BN.CAB.XOKA.GD.ZS,Current account balance,Trade,% of GDP,0.1655,World Bank WDI
TUR,Turkiye,1992,BN.CAB.XOKA.GD.ZS,Current account balance,Trade,% of GDP,-0.6122,World Bank WDI
TUR,Turkiye,1993,BN.CAB.XOKA.GD.ZS,Current account balance,Trade,% of GDP,-3.5657,World Bank WDI
TUR,Turkiye,1994,BN.CAB.XOKA.GD.ZS,Current account balance,Trade,% of GDP,2.0138,World Bank WDI
TUR,Turkiye,1995,BN.CAB.XOKA.GD.ZS,Current account balance,Trade,% of GDP,-0.9962,World Bank WDI
TUR,Turkiye,1996,BN.CAB.XOKA.GD.ZS,Current account balance,Trade,% of GDP,-0.9734,World Bank WDI
TUR,Turkiye,1997,BN.CAB.XOKA.GD.ZS,Current account balance,Trade,% of GDP,-0.9999,World Bank WDI
TUR,Turkiye,1998,BN.CAB.XOKA.GD.ZS,Current account balance,Trade,% of GDP,0.7245,World Bank WDI
TUR,Turkiye,1999,BN.CAB.XOKA.GD.ZS,Current account balance,Trade,% of GDP,-0.3604,World Bank WDI
TUR,Turkiye,2000,BN.CAB.XOKA.GD.ZS,Current account balance,Trade,% of GDP,-3.6106,World Bank WDI
TUR,Turkiye,2001,BN.CAB.XOKA.GD.ZS,Current account balance,Trade,% of GDP,1.8596,World Bank WDI
TUR,Turkiye,2002,BN.CAB.XOKA.GD.ZS,Current account balance,Trade,% of GDP,-0.26,World Bank WDI
TUR,Turkiye,2003,BN.CAB.XOKA.GD.ZS,Current account balance,Trade,% of GDP,-2.3951,World Bank WDI
TUR,Turkiye,2004,BN.CAB.XOKA.GD.ZS,Current account balance,Trade,% of GDP,-3.4616,World Bank WDI
TUR,Turkiye,2005,BN.CAB.XOKA.GD.ZS,Current account balance,Trade,% of GDP,-4.1274,World Bank WDI
TUR,Turkiye,2006,BN.CAB.XOKA.GD.ZS,Current account balance,Trade,% of GDP,-5.5679,World Bank WDI
TUR,Turkiye,2007,BN.CAB.XOKA.GD.ZS,Current account balance,Trade,% of GDP,-5.3918,World Bank WDI
TUR,Turkiye,2008,BN.CAB.XOKA.GD.ZS,Current account balance,Trade,% of GDP,-5.0845,World Bank WDI
TUR,Turkiye,2009,BN.CAB.XOKA.GD.ZS,Current account balance,Trade,% of GDP,-1.737,World Bank WDI
TUR,Turkiye,2010,BN.CAB.XOKA.GD.ZS,Current account balance,Trade,% of GDP,-5.7025,World Bank WDI
TUR,Turkiye,2011,BN.CAB.XOKA.GD.ZS,Current account balance,Trade,% of GDP,-8.8135,World Bank WDI
TUR,Turkiye,2012,BN.CAB.XOKA.GD.ZS,Current account balance,Trade,% of GDP,-4.721,World Bank WDI
TUR,Turkiye,2013,BN.CAB.XOKA.GD.ZS,Current account balance,Trade,% of GDP,-5.1269,World Bank WDI
TUR,Turkiye,2014,BN.CAB.XOKA.GD.ZS,Current account balance,Trade,% of GDP,-3.4075,World Bank WDI
TUR,Turkiye,2015,BN.CAB.XOKA.GD.ZS,Current account balance,Trade,% of GDP,-2.4674,World Bank WDI
TUR,Turkiye,2016,BN.CAB.XOKA.GD.ZS,Current account balance,Trade,% of GDP,-2.5453,World Bank WDI
TUR,Turkiye,2017,BN.CAB.XOKA.GD.ZS,Current account balance,Trade,% of GDP,-4.0678,World Bank WDI
TUR,Turkiye,2018,BN.CAB.XOKA.GD.ZS,Current account balance,Trade,% of GDP,-1.8523,World Bank WDI
TUR,Turkiye,2019,BN.CAB.XOKA.GD.ZS,Current account balance,Trade,% of GDP,1.9352,World Bank WDI
TUR,Turkiye,2020,BN.CAB.XOKA.GD.ZS,Current account balance,Trade,% of GDP,-4.2228,World Bank WDI
TUR,Turkiye,2021,BN.CAB.XOKA.GD.ZS,Current account balance,Trade,% of GDP,-0.7406,World Bank WDI
TUR,Turkiye,2022,BN.CAB.XOKA.GD.ZS,Current account balance,Trade,% of GDP,-4.9976,World Bank WDI
TUR,Turkiye,2023,BN.CAB.XOKA.GD.ZS,Current account balance,Trade,% of GDP,-3.6337,World Bank WDI
TUR,Turkiye,2024,BN.CAB.XOKA.GD.ZS,Current account balance,Trade,% of GDP,-0.766,World Bank WDI
DZA,Algeria,1990,FP.CPI.TOTL.ZG,Inflation,Prices,%,16.6525,World Bank WDI
DZA,Algeria,1991,FP.CPI.TOTL.ZG,Inflation,Prices,%,25.8864,World Bank WDI
DZA,Algeria,1992,FP.CPI.TOTL.ZG,Inflation,Prices,%,31.6697,World Bank WDI
DZA,Algeria,1993,FP.CPI.TOTL.ZG,Inflation,Prices,%,20.5403,World Bank WDI
DZA,Algeria,1994,FP.CPI.TOTL.ZG,Inflation,Prices,%,29.0477,World Bank WDI
DZA,Algeria,1995,FP.CPI.TOTL.ZG,Inflation,Prices,%,29.7796,World Bank WDI
DZA,Algeria,1996,FP.CPI.TOTL.ZG,Inflation,Prices,%,18.6791,World Bank WDI
DZA,Algeria,1997,FP.CPI.TOTL.ZG,Inflation,Prices,%,5.7335,World Bank WDI
DZA,Algeria,1998,FP.CPI.TOTL.ZG,Inflation,Prices,%,4.9502,World Bank WDI
DZA,Algeria,1999,FP.CPI.TOTL.ZG,Inflation,Prices,%,2.6455,World Bank WDI
DZA,Algeria,2000,FP.CPI.TOTL.ZG,Inflation,Prices,%,0.3392,World Bank WDI
DZA,Algeria,2001,FP.CPI.TOTL.ZG,Inflation,Prices,%,4.226,World Bank WDI
DZA,Algeria,2002,FP.CPI.TOTL.ZG,Inflation,Prices,%,1.4183,World Bank WDI
DZA,Algeria,2003,FP.CPI.TOTL.ZG,Inflation,Prices,%,4.269,World Bank WDI
DZA,Algeria,2004,FP.CPI.TOTL.ZG,Inflation,Prices,%,3.9618,World Bank WDI
DZA,Algeria,2005,FP.CPI.TOTL.ZG,Inflation,Prices,%,1.3824,World Bank WDI
DZA,Algeria,2006,FP.CPI.TOTL.ZG,Inflation,Prices,%,2.3115,World Bank WDI
DZA,Algeria,2007,FP.CPI.TOTL.ZG,Inflation,Prices,%,3.679,World Bank WDI
DZA,Algeria,2008,FP.CPI.TOTL.ZG,Inflation,Prices,%,4.8586,World Bank WDI
DZA,Algeria,2009,FP.CPI.TOTL.ZG,Inflation,Prices,%,5.7371,World Bank WDI
DZA,Algeria,2010,FP.CPI.TOTL.ZG,Inflation,Prices,%,3.9111,World Bank WDI
DZA,Algeria,2011,FP.CPI.TOTL.ZG,Inflation,Prices,%,4.5242,World Bank WDI
DZA,Algeria,2012,FP.CPI.TOTL.ZG,Inflation,Prices,%,8.8915,World Bank WDI
DZA,Algeria,2013,FP.CPI.TOTL.ZG,Inflation,Prices,%,3.2542,World Bank WDI
DZA,Algeria,2014,FP.CPI.TOTL.ZG,Inflation,Prices,%,2.9169,World Bank WDI
DZA,Algeria,2015,FP.CPI.TOTL.ZG,Inflation,Prices,%,4.7844,World Bank WDI
DZA,Algeria,2016,FP.CPI.TOTL.ZG,Inflation,Prices,%,6.3977,World Bank WDI
DZA,Algeria,2017,FP.CPI.TOTL.ZG,Inflation,Prices,%,5.5911,World Bank WDI
DZA,Algeria,2018,FP.CPI.TOTL.ZG,Inflation,Prices,%,4.27,World Bank WDI
DZA,Algeria,2019,FP.CPI.TOTL.ZG,Inflation,Prices,%,1.9518,World Bank WDI
DZA,Algeria,2020,FP.CPI.TOTL.ZG,Inflation,Prices,%,2.4151,World Bank WDI
DZA,Algeria,2021,FP.CPI.TOTL.ZG,Inflation,Prices,%,7.2261,World Bank WDI
DZA,Algeria,2022,FP.CPI.TOTL.ZG,Inflation,Prices,%,9.2655,World Bank WDI
DZA,Algeria,2023,FP.CPI.TOTL.ZG,Inflation,Prices,%,9.3222,World Bank WDI
DZA,Algeria,2024,FP.CPI.TOTL.ZG,Inflation,Prices,%,4.0461,World Bank WDI
DZA,Algeria,2025,FP.CPI.TOTL.ZG,Inflation,Prices,%,1.4184,World Bank WDI
EGY,"Egypt, Arab Rep.",1990,FP.CPI.TOTL.ZG,Inflation,Prices,%,16.7564,World Bank WDI
EGY,"Egypt, Arab Rep.",1991,FP.CPI.TOTL.ZG,Inflation,Prices,%,19.7485,World Bank WDI
EGY,"Egypt, Arab Rep.",1992,FP.CPI.TOTL.ZG,Inflation,Prices,%,13.6374,World Bank WDI
EGY,"Egypt, Arab Rep.",1993,FP.CPI.TOTL.ZG,Inflation,Prices,%,12.0898,World Bank WDI
EGY,"Egypt, Arab Rep.",1994,FP.CPI.TOTL.ZG,Inflation,Prices,%,8.1542,World Bank WDI
EGY,"Egypt, Arab Rep.",1995,FP.CPI.TOTL.ZG,Inflation,Prices,%,15.7422,World Bank WDI
EGY,"Egypt, Arab Rep.",1996,FP.CPI.TOTL.ZG,Inflation,Prices,%,7.1871,World Bank WDI
EGY,"Egypt, Arab Rep.",1997,FP.CPI.TOTL.ZG,Inflation,Prices,%,4.6256,World Bank WDI
EGY,"Egypt, Arab Rep.",1998,FP.CPI.TOTL.ZG,Inflation,Prices,%,3.8726,World Bank WDI
EGY,"Egypt, Arab Rep.",1999,FP.CPI.TOTL.ZG,Inflation,Prices,%,3.0795,World Bank WDI
EGY,"Egypt, Arab Rep.",2000,FP.CPI.TOTL.ZG,Inflation,Prices,%,2.6838,World Bank WDI
EGY,"Egypt, Arab Rep.",2001,FP.CPI.TOTL.ZG,Inflation,Prices,%,2.2698,World Bank WDI
EGY,"Egypt, Arab Rep.",2002,FP.CPI.TOTL.ZG,Inflation,Prices,%,2.7372,World Bank WDI
EGY,"Egypt, Arab Rep.",2003,FP.CPI.TOTL.ZG,Inflation,Prices,%,4.5078,World Bank WDI
EGY,"Egypt, Arab Rep.",2004,FP.CPI.TOTL.ZG,Inflation,Prices,%,11.2706,World Bank WDI
EGY,"Egypt, Arab Rep.",2005,FP.CPI.TOTL.ZG,Inflation,Prices,%,4.8694,World Bank WDI
EGY,"Egypt, Arab Rep.",2006,FP.CPI.TOTL.ZG,Inflation,Prices,%,7.6445,World Bank WDI
EGY,"Egypt, Arab Rep.",2007,FP.CPI.TOTL.ZG,Inflation,Prices,%,9.319,World Bank WDI
EGY,"Egypt, Arab Rep.",2008,FP.CPI.TOTL.ZG,Inflation,Prices,%,18.3168,World Bank WDI
EGY,"Egypt, Arab Rep.",2009,FP.CPI.TOTL.ZG,Inflation,Prices,%,11.7635,World Bank WDI
EGY,"Egypt, Arab Rep.",2010,FP.CPI.TOTL.ZG,Inflation,Prices,%,11.2652,World Bank WDI
EGY,"Egypt, Arab Rep.",2011,FP.CPI.TOTL.ZG,Inflation,Prices,%,10.0649,World Bank WDI
EGY,"Egypt, Arab Rep.",2012,FP.CPI.TOTL.ZG,Inflation,Prices,%,7.1117,World Bank WDI
EGY,"Egypt, Arab Rep.",2013,FP.CPI.TOTL.ZG,Inflation,Prices,%,9.4697,World Bank WDI
EGY,"Egypt, Arab Rep.",2014,FP.CPI.TOTL.ZG,Inflation,Prices,%,10.0702,World Bank WDI
EGY,"Egypt, Arab Rep.",2015,FP.CPI.TOTL.ZG,Inflation,Prices,%,10.3705,World Bank WDI
EGY,"Egypt, Arab Rep.",2016,FP.CPI.TOTL.ZG,Inflation,Prices,%,13.8136,World Bank WDI
EGY,"Egypt, Arab Rep.",2017,FP.CPI.TOTL.ZG,Inflation,Prices,%,29.5066,World Bank WDI
EGY,"Egypt, Arab Rep.",2018,FP.CPI.TOTL.ZG,Inflation,Prices,%,14.4015,World Bank WDI
EGY,"Egypt, Arab Rep.",2019,FP.CPI.TOTL.ZG,Inflation,Prices,%,9.1528,World Bank WDI
EGY,"Egypt, Arab Rep.",2020,FP.CPI.TOTL.ZG,Inflation,Prices,%,5.0449,World Bank WDI
EGY,"Egypt, Arab Rep.",2021,FP.CPI.TOTL.ZG,Inflation,Prices,%,5.214,World Bank WDI
EGY,"Egypt, Arab Rep.",2022,FP.CPI.TOTL.ZG,Inflation,Prices,%,13.8957,World Bank WDI
EGY,"Egypt, Arab Rep.",2023,FP.CPI.TOTL.ZG,Inflation,Prices,%,33.8848,World Bank WDI
EGY,"Egypt, Arab Rep.",2024,FP.CPI.TOTL.ZG,Inflation,Prices,%,28.2706,World Bank WDI
EGY,"Egypt, Arab Rep.",2025,FP.CPI.TOTL.ZG,Inflation,Prices,%,14.0735,World Bank WDI
JOR,Jordan,1990,FP.CPI.TOTL.ZG,Inflation,Prices,%,16.1921,World Bank WDI
JOR,Jordan,1991,FP.CPI.TOTL.ZG,Inflation,Prices,%,8.1555,World Bank WDI
JOR,Jordan,1992,FP.CPI.TOTL.ZG,Inflation,Prices,%,3.9958,World Bank WDI
JOR,Jordan,1993,FP.CPI.TOTL.ZG,Inflation,Prices,%,3.3167,World Bank WDI
JOR,Jordan,1994,FP.CPI.TOTL.ZG,Inflation,Prices,%,3.5167,World Bank WDI
JOR,Jordan,1995,FP.CPI.TOTL.ZG,Inflation,Prices,%,2.3531,World Bank WDI
JOR,Jordan,1996,FP.CPI.TOTL.ZG,Inflation,Prices,%,6.5012,World Bank WDI
JOR,Jordan,1997,FP.CPI.TOTL.ZG,Inflation,Prices,%,3.0379,World Bank WDI
JOR,Jordan,1998,FP.CPI.TOTL.ZG,Inflation,Prices,%,3.0917,World Bank WDI
JOR,Jordan,1999,FP.CPI.TOTL.ZG,Inflation,Prices,%,0.6063,World Bank WDI
JOR,Jordan,2000,FP.CPI.TOTL.ZG,Inflation,Prices,%,0.6669,World Bank WDI
JOR,Jordan,2001,FP.CPI.TOTL.ZG,Inflation,Prices,%,1.7722,World Bank WDI
JOR,Jordan,2002,FP.CPI.TOTL.ZG,Inflation,Prices,%,1.833,World Bank WDI
JOR,Jordan,2003,FP.CPI.TOTL.ZG,Inflation,Prices,%,1.63,World Bank WDI
JOR,Jordan,2004,FP.CPI.TOTL.ZG,Inflation,Prices,%,3.3619,World Bank WDI
JOR,Jordan,2005,FP.CPI.TOTL.ZG,Inflation,Prices,%,3.4937,World Bank WDI
JOR,Jordan,2006,FP.CPI.TOTL.ZG,Inflation,Prices,%,6.2517,World Bank WDI
JOR,Jordan,2007,FP.CPI.TOTL.ZG,Inflation,Prices,%,4.7439,World Bank WDI
JOR,Jordan,2008,FP.CPI.TOTL.ZG,Inflation,Prices,%,13.9712,World Bank WDI
JOR,Jordan,2009,FP.CPI.TOTL.ZG,Inflation,Prices,%,-0.7391,World Bank WDI
JOR,Jordan,2010,FP.CPI.TOTL.ZG,Inflation,Prices,%,4.8455,World Bank WDI
JOR,Jordan,2011,FP.CPI.TOTL.ZG,Inflation,Prices,%,4.1624,World Bank WDI
JOR,Jordan,2012,FP.CPI.TOTL.ZG,Inflation,Prices,%,4.5152,World Bank WDI
JOR,Jordan,2013,FP.CPI.TOTL.ZG,Inflation,Prices,%,4.8246,World Bank WDI
JOR,Jordan,2014,FP.CPI.TOTL.ZG,Inflation,Prices,%,2.8995,World Bank WDI
JOR,Jordan,2015,FP.CPI.TOTL.ZG,Inflation,Prices,%,-0.8769,World Bank WDI
JOR,Jordan,2016,FP.CPI.TOTL.ZG,Inflation,Prices,%,-0.7784,World Bank WDI
JOR,Jordan,2017,FP.CPI.TOTL.ZG,Inflation,Prices,%,3.3239,World Bank WDI
JOR,Jordan,2018,FP.CPI.TOTL.ZG,Inflation,Prices,%,4.4623,World Bank WDI
JOR,Jordan,2019,FP.CPI.TOTL.ZG,Inflation,Prices,%,0.7615,World Bank WDI
JOR,Jordan,2020,FP.CPI.TOTL.ZG,Inflation,Prices,%,0.3333,World Bank WDI
JOR,Jordan,2021,FP.CPI.TOTL.ZG,Inflation,Prices,%,1.3461,World Bank WDI
JOR,Jordan,2022,FP.CPI.TOTL.ZG,Inflation,Prices,%,4.2292,World Bank WDI
JOR,Jordan,2023,FP.CPI.TOTL.ZG,Inflation,Prices,%,2.0849,World Bank WDI
JOR,Jordan,2024,FP.CPI.TOTL.ZG,Inflation,Prices,%,1.5566,World Bank WDI
JOR,Jordan,2025,FP.CPI.TOTL.ZG,Inflation,Prices,%,1.7665,World Bank WDI
MAR,Morocco,1990,FP.CPI.TOTL.ZG,Inflation,Prices,%,6.7826,World Bank WDI
MAR,Morocco,1991,FP.CPI.TOTL.ZG,Inflation,Prices,%,7.9862,World Bank WDI
MAR,Morocco,1992,FP.CPI.TOTL.ZG,Inflation,Prices,%,5.7402,World Bank WDI
MAR,Morocco,1993,FP.CPI.TOTL.ZG,Inflation,Prices,%,5.1831,World Bank WDI
MAR,Morocco,1994,FP.CPI.TOTL.ZG,Inflation,Prices,%,5.1417,World Bank WDI
MAR,Morocco,1995,FP.CPI.TOTL.ZG,Inflation,Prices,%,6.1236,World Bank WDI
MAR,Morocco,1996,FP.CPI.TOTL.ZG,Inflation,Prices,%,2.9868,World Bank WDI
MAR,Morocco,1997,FP.CPI.TOTL.ZG,Inflation,Prices,%,1.0382,World Bank WDI
MAR,Morocco,1998,FP.CPI.TOTL.ZG,Inflation,Prices,%,2.7531,World Bank WDI
MAR,Morocco,1999,FP.CPI.TOTL.ZG,Inflation,Prices,%,0.6848,World Bank WDI
MAR,Morocco,2000,FP.CPI.TOTL.ZG,Inflation,Prices,%,1.8946,World Bank WDI
MAR,Morocco,2001,FP.CPI.TOTL.ZG,Inflation,Prices,%,0.6198,World Bank WDI
MAR,Morocco,2002,FP.CPI.TOTL.ZG,Inflation,Prices,%,2.7956,World Bank WDI
MAR,Morocco,2003,FP.CPI.TOTL.ZG,Inflation,Prices,%,1.1677,World Bank WDI
MAR,Morocco,2004,FP.CPI.TOTL.ZG,Inflation,Prices,%,1.4934,World Bank WDI
MAR,Morocco,2005,FP.CPI.TOTL.ZG,Inflation,Prices,%,0.9826,World Bank WDI
MAR,Morocco,2006,FP.CPI.TOTL.ZG,Inflation,Prices,%,3.2848,World Bank WDI
MAR,Morocco,2007,FP.CPI.TOTL.ZG,Inflation,Prices,%,2.0421,World Bank WDI
MAR,Morocco,2008,FP.CPI.TOTL.ZG,Inflation,Prices,%,3.7148,World Bank WDI
MAR,Morocco,2009,FP.CPI.TOTL.ZG,Inflation,Prices,%,0.9719,World Bank WDI
MAR,Morocco,2010,FP.CPI.TOTL.ZG,Inflation,Prices,%,0.9936,World Bank WDI
MAR,Morocco,2011,FP.CPI.TOTL.ZG,Inflation,Prices,%,0.9069,World Bank WDI
MAR,Morocco,2012,FP.CPI.TOTL.ZG,Inflation,Prices,%,1.2871,World Bank WDI
MAR,Morocco,2013,FP.CPI.TOTL.ZG,Inflation,Prices,%,1.8807,World Bank WDI
MAR,Morocco,2014,FP.CPI.TOTL.ZG,Inflation,Prices,%,0.4423,World Bank WDI
MAR,Morocco,2015,FP.CPI.TOTL.ZG,Inflation,Prices,%,1.5579,World Bank WDI
MAR,Morocco,2016,FP.CPI.TOTL.ZG,Inflation,Prices,%,1.6353,World Bank WDI
MAR,Morocco,2017,FP.CPI.TOTL.ZG,Inflation,Prices,%,0.7547,World Bank WDI
MAR,Morocco,2018,FP.CPI.TOTL.ZG,Inflation,Prices,%,1.8039,World Bank WDI
MAR,Morocco,2019,FP.CPI.TOTL.ZG,Inflation,Prices,%,0.3034,World Bank WDI
MAR,Morocco,2020,FP.CPI.TOTL.ZG,Inflation,Prices,%,0.706,World Bank WDI
MAR,Morocco,2021,FP.CPI.TOTL.ZG,Inflation,Prices,%,1.402,World Bank WDI
MAR,Morocco,2022,FP.CPI.TOTL.ZG,Inflation,Prices,%,6.657,World Bank WDI
MAR,Morocco,2023,FP.CPI.TOTL.ZG,Inflation,Prices,%,6.0911,World Bank WDI
MAR,Morocco,2024,FP.CPI.TOTL.ZG,Inflation,Prices,%,0.9853,World Bank WDI
MAR,Morocco,2025,FP.CPI.TOTL.ZG,Inflation,Prices,%,0.7019,World Bank WDI
TUN,Tunisia,1990,FP.CPI.TOTL.ZG,Inflation,Prices,%,6.5453,World Bank WDI
TUN,Tunisia,1991,FP.CPI.TOTL.ZG,Inflation,Prices,%,8.1937,World Bank WDI
TUN,Tunisia,1992,FP.CPI.TOTL.ZG,Inflation,Prices,%,5.8243,World Bank WDI
TUN,Tunisia,1993,FP.CPI.TOTL.ZG,Inflation,Prices,%,3.975,World Bank WDI
TUN,Tunisia,1994,FP.CPI.TOTL.ZG,Inflation,Prices,%,4.7332,World Bank WDI
TUN,Tunisia,1995,FP.CPI.TOTL.ZG,Inflation,Prices,%,6.2442,World Bank WDI
TUN,Tunisia,1996,FP.CPI.TOTL.ZG,Inflation,Prices,%,3.7251,World Bank WDI
TUN,Tunisia,1997,FP.CPI.TOTL.ZG,Inflation,Prices,%,3.652,World Bank WDI
TUN,Tunisia,1998,FP.CPI.TOTL.ZG,Inflation,Prices,%,3.1254,World Bank WDI
TUN,Tunisia,1999,FP.CPI.TOTL.ZG,Inflation,Prices,%,2.6901,World Bank WDI
TUN,Tunisia,2000,FP.CPI.TOTL.ZG,Inflation,Prices,%,2.9623,World Bank WDI
TUN,Tunisia,2001,FP.CPI.TOTL.ZG,Inflation,Prices,%,1.9833,World Bank WDI
TUN,Tunisia,2002,FP.CPI.TOTL.ZG,Inflation,Prices,%,2.721,World Bank WDI
TUN,Tunisia,2003,FP.CPI.TOTL.ZG,Inflation,Prices,%,2.7126,World Bank WDI
TUN,Tunisia,2004,FP.CPI.TOTL.ZG,Inflation,Prices,%,3.6323,World Bank WDI
TUN,Tunisia,2005,FP.CPI.TOTL.ZG,Inflation,Prices,%,2.0178,World Bank WDI
TUN,Tunisia,2006,FP.CPI.TOTL.ZG,Inflation,Prices,%,3.2253,World Bank WDI
TUN,Tunisia,2007,FP.CPI.TOTL.ZG,Inflation,Prices,%,2.9669,World Bank WDI
TUN,Tunisia,2008,FP.CPI.TOTL.ZG,Inflation,Prices,%,4.345,World Bank WDI
TUN,Tunisia,2009,FP.CPI.TOTL.ZG,Inflation,Prices,%,3.6649,World Bank WDI
TUN,Tunisia,2010,FP.CPI.TOTL.ZG,Inflation,Prices,%,3.339,World Bank WDI
TUN,Tunisia,2011,FP.CPI.TOTL.ZG,Inflation,Prices,%,3.24,World Bank WDI
TUN,Tunisia,2012,FP.CPI.TOTL.ZG,Inflation,Prices,%,4.6118,World Bank WDI
TUN,Tunisia,2013,FP.CPI.TOTL.ZG,Inflation,Prices,%,5.3162,World Bank WDI
TUN,Tunisia,2014,FP.CPI.TOTL.ZG,Inflation,Prices,%,4.6256,World Bank WDI
TUN,Tunisia,2015,FP.CPI.TOTL.ZG,Inflation,Prices,%,4.4374,World Bank WDI
TUN,Tunisia,2016,FP.CPI.TOTL.ZG,Inflation,Prices,%,3.6294,World Bank WDI
TUN,Tunisia,2017,FP.CPI.TOTL.ZG,Inflation,Prices,%,5.3088,World Bank WDI
TUN,Tunisia,2018,FP.CPI.TOTL.ZG,Inflation,Prices,%,7.3076,World Bank WDI
TUN,Tunisia,2019,FP.CPI.TOTL.ZG,Inflation,Prices,%,6.7201,World Bank WDI
TUN,Tunisia,2020,FP.CPI.TOTL.ZG,Inflation,Prices,%,5.6342,World Bank WDI
TUN,Tunisia,2021,FP.CPI.TOTL.ZG,Inflation,Prices,%,5.7064,World Bank WDI
TUN,Tunisia,2022,FP.CPI.TOTL.ZG,Inflation,Prices,%,8.3065,World Bank WDI
TUN,Tunisia,2023,FP.CPI.TOTL.ZG,Inflation,Prices,%,9.329,World Bank WDI
TUN,Tunisia,2024,FP.CPI.TOTL.ZG,Inflation,Prices,%,7.2066,World Bank WDI
TUN,Tunisia,2025,FP.CPI.TOTL.ZG,Inflation,Prices,%,5.151,World Bank WDI
TUR,Turkiye,1990,FP.CPI.TOTL.ZG,Inflation,Prices,%,60.3039,World Bank WDI
TUR,Turkiye,1991,FP.CPI.TOTL.ZG,Inflation,Prices,%,65.9786,World Bank WDI
TUR,Turkiye,1992,FP.CPI.TOTL.ZG,Inflation,Prices,%,70.0761,World Bank WDI
TUR,Turkiye,1993,FP.CPI.TOTL.ZG,Inflation,Prices,%,66.0938,World Bank WDI
TUR,Turkiye,1994,FP.CPI.TOTL.ZG,Inflation,Prices,%,105.215,World Bank WDI
TUR,Turkiye,1995,FP.CPI.TOTL.ZG,Inflation,Prices,%,89.1133,World Bank WDI
TUR,Turkiye,1996,FP.CPI.TOTL.ZG,Inflation,Prices,%,80.4122,World Bank WDI
TUR,Turkiye,1997,FP.CPI.TOTL.ZG,Inflation,Prices,%,85.6694,World Bank WDI
TUR,Turkiye,1998,FP.CPI.TOTL.ZG,Inflation,Prices,%,84.6413,World Bank WDI
TUR,Turkiye,1999,FP.CPI.TOTL.ZG,Inflation,Prices,%,64.8675,World Bank WDI
TUR,Turkiye,2000,FP.CPI.TOTL.ZG,Inflation,Prices,%,54.9154,World Bank WDI
TUR,Turkiye,2001,FP.CPI.TOTL.ZG,Inflation,Prices,%,54.4002,World Bank WDI
TUR,Turkiye,2002,FP.CPI.TOTL.ZG,Inflation,Prices,%,44.9641,World Bank WDI
TUR,Turkiye,2003,FP.CPI.TOTL.ZG,Inflation,Prices,%,21.6024,World Bank WDI
TUR,Turkiye,2004,FP.CPI.TOTL.ZG,Inflation,Prices,%,8.5983,World Bank WDI
TUR,Turkiye,2005,FP.CPI.TOTL.ZG,Inflation,Prices,%,8.1792,World Bank WDI
TUR,Turkiye,2006,FP.CPI.TOTL.ZG,Inflation,Prices,%,9.5972,World Bank WDI
TUR,Turkiye,2007,FP.CPI.TOTL.ZG,Inflation,Prices,%,8.7562,World Bank WDI
TUR,Turkiye,2008,FP.CPI.TOTL.ZG,Inflation,Prices,%,10.4441,World Bank WDI
TUR,Turkiye,2009,FP.CPI.TOTL.ZG,Inflation,Prices,%,6.251,World Bank WDI
TUR,Turkiye,2010,FP.CPI.TOTL.ZG,Inflation,Prices,%,8.5664,World Bank WDI
TUR,Turkiye,2011,FP.CPI.TOTL.ZG,Inflation,Prices,%,6.4719,World Bank WDI
TUR,Turkiye,2012,FP.CPI.TOTL.ZG,Inflation,Prices,%,8.8916,World Bank WDI
TUR,Turkiye,2013,FP.CPI.TOTL.ZG,Inflation,Prices,%,7.4931,World Bank WDI
TUR,Turkiye,2014,FP.CPI.TOTL.ZG,Inflation,Prices,%,8.8546,World Bank WDI
TUR,Turkiye,2015,FP.CPI.TOTL.ZG,Inflation,Prices,%,7.6709,World Bank WDI
TUR,Turkiye,2016,FP.CPI.TOTL.ZG,Inflation,Prices,%,7.7751,World Bank WDI
TUR,Turkiye,2017,FP.CPI.TOTL.ZG,Inflation,Prices,%,11.1443,World Bank WDI
TUR,Turkiye,2018,FP.CPI.TOTL.ZG,Inflation,Prices,%,16.3325,World Bank WDI
TUR,Turkiye,2019,FP.CPI.TOTL.ZG,Inflation,Prices,%,15.1768,World Bank WDI
TUR,Turkiye,2020,FP.CPI.TOTL.ZG,Inflation,Prices,%,12.279,World Bank WDI
TUR,Turkiye,2021,FP.CPI.TOTL.ZG,Inflation,Prices,%,19.5965,World Bank WDI
TUR,Turkiye,2022,FP.CPI.TOTL.ZG,Inflation,Prices,%,72.3088,World Bank WDI
TUR,Turkiye,2023,FP.CPI.TOTL.ZG,Inflation,Prices,%,53.8594,World Bank WDI
TUR,Turkiye,2024,FP.CPI.TOTL.ZG,Inflation,Prices,%,58.5065,World Bank WDI
TUR,Turkiye,2025,FP.CPI.TOTL.ZG,Inflation,Prices,%,34.8812,World Bank WDI
EGY,"Egypt, Arab Rep.",2007,GC.DOD.TOTL.GD.ZS,Central government debt,Public finance,% of GDP,85.7885,World Bank WDI
JOR,Jordan,1990,GC.DOD.TOTL.GD.ZS,Central government debt,Public finance,% of GDP,128.7947,World Bank WDI
JOR,Jordan,1991,GC.DOD.TOTL.GD.ZS,Central government debt,Public finance,% of GDP,129.9997,World Bank WDI
JOR,Jordan,1992,GC.DOD.TOTL.GD.ZS,Central government debt,Public finance,% of GDP,152.6011,World Bank WDI
JOR,Jordan,1993,GC.DOD.TOTL.GD.ZS,Central government debt,Public finance,% of GDP,125.6096,World Bank WDI
JOR,Jordan,1994,GC.DOD.TOTL.GD.ZS,Central government debt,Public finance,% of GDP,116.446,World Bank WDI
JOR,Jordan,1995,GC.DOD.TOTL.GD.ZS,Central government debt,Public finance,% of GDP,105.0629,World Bank WDI
JOR,Jordan,1996,GC.DOD.TOTL.GD.ZS,Central government debt,Public finance,% of GDP,106.2342,World Bank WDI
JOR,Jordan,1997,GC.DOD.TOTL.GD.ZS,Central government debt,Public finance,% of GDP,100.3854,World Bank WDI
JOR,Jordan,1998,GC.DOD.TOTL.GD.ZS,Central government debt,Public finance,% of GDP,101.1726,World Bank WDI
JOR,Jordan,1999,GC.DOD.TOTL.GD.ZS,Central government debt,Public finance,% of GDP,99.9059,World Bank WDI
JOR,Jordan,2000,GC.DOD.TOTL.GD.ZS,Central government debt,Public finance,% of GDP,93.711,World Bank WDI
JOR,Jordan,2001,GC.DOD.TOTL.GD.ZS,Central government debt,Public finance,% of GDP,90.8266,World Bank WDI
JOR,Jordan,2002,GC.DOD.TOTL.GD.ZS,Central government debt,Public finance,% of GDP,85.074,World Bank WDI
JOR,Jordan,2003,GC.DOD.TOTL.GD.ZS,Central government debt,Public finance,% of GDP,88.9183,World Bank WDI
JOR,Jordan,2004,GC.DOD.TOTL.GD.ZS,Central government debt,Public finance,% of GDP,89.0222,World Bank WDI
JOR,Jordan,2005,GC.DOD.TOTL.GD.ZS,Central government debt,Public finance,% of GDP,79.9498,World Bank WDI
JOR,Jordan,2006,GC.DOD.TOTL.GD.ZS,Central government debt,Public finance,% of GDP,72.6249,World Bank WDI
JOR,Jordan,2007,GC.DOD.TOTL.GD.ZS,Central government debt,Public finance,% of GDP,69.9595,World Bank WDI
JOR,Jordan,2008,GC.DOD.TOTL.GD.ZS,Central government debt,Public finance,% of GDP,48.6412,World Bank WDI
JOR,Jordan,2009,GC.DOD.TOTL.GD.ZS,Central government debt,Public finance,% of GDP,52.9147,World Bank WDI
JOR,Jordan,2010,GC.DOD.TOTL.GD.ZS,Central government debt,Public finance,% of GDP,53.6976,World Bank WDI
JOR,Jordan,2011,GC.DOD.TOTL.GD.ZS,Central government debt,Public finance,% of GDP,54.6534,World Bank WDI
JOR,Jordan,2012,GC.DOD.TOTL.GD.ZS,Central government debt,Public finance,% of GDP,59.3142,World Bank WDI
JOR,Jordan,2013,GC.DOD.TOTL.GD.ZS,Central government debt,Public finance,% of GDP,67.0686,World Bank WDI
JOR,Jordan,2014,GC.DOD.TOTL.GD.ZS,Central government debt,Public finance,% of GDP,70.6444,World Bank WDI
JOR,Jordan,2015,GC.DOD.TOTL.GD.ZS,Central government debt,Public finance,% of GDP,71.7796,World Bank WDI
JOR,Jordan,2016,GC.DOD.TOTL.GD.ZS,Central government debt,Public finance,% of GDP,67.636,World Bank WDI
JOR,Jordan,2017,GC.DOD.TOTL.GD.ZS,Central government debt,Public finance,% of GDP,68.8794,World Bank WDI
JOR,Jordan,2019,GC.DOD.TOTL.GD.ZS,Central government debt,Public finance,% of GDP,72.5959,World Bank WDI
JOR,Jordan,2020,GC.DOD.TOTL.GD.ZS,Central government debt,Public finance,% of GDP,69.2598,World Bank WDI
JOR,Jordan,2021,GC.DOD.TOTL.GD.ZS,Central government debt,Public finance,% of GDP,90.3915,World Bank WDI
JOR,Jordan,2022,GC.DOD.TOTL.GD.ZS,Central government debt,Public finance,% of GDP,91.9483,World Bank WDI
JOR,Jordan,2023,GC.DOD.TOTL.GD.ZS,Central government debt,Public finance,% of GDP,93.6206,World Bank WDI
MAR,Morocco,1990,GC.DOD.TOTL.GD.ZS,Central government debt,Public finance,% of GDP,87.1968,World Bank WDI
MAR,Morocco,1991,GC.DOD.TOTL.GD.ZS,Central government debt,Public finance,% of GDP,62.0674,World Bank WDI
MAR,Morocco,1992,GC.DOD.TOTL.GD.ZS,Central government debt,Public finance,% of GDP,70.9379,World Bank WDI
MAR,Morocco,1993,GC.DOD.TOTL.GD.ZS,Central government debt,Public finance,% of GDP,74.1231,World Bank WDI
MAR,Morocco,1994,GC.DOD.TOTL.GD.ZS,Central government debt,Public finance,% of GDP,69.8259,World Bank WDI
MAR,Morocco,1995,GC.DOD.TOTL.GD.ZS,Central government debt,Public finance,% of GDP,68.3949,World Bank WDI
MAR,Morocco,1997,GC.DOD.TOTL.GD.ZS,Central government debt,Public finance,% of GDP,64.4624,World Bank WDI
MAR,Morocco,1998,GC.DOD.TOTL.GD.ZS,Central government debt,Public finance,% of GDP,55.0125,World Bank WDI
MAR,Morocco,1999,GC.DOD.TOTL.GD.ZS,Central government debt,Public finance,% of GDP,55.445,World Bank WDI
MAR,Morocco,2002,GC.DOD.TOTL.GD.ZS,Central government debt,Public finance,% of GDP,48.4751,World Bank WDI
MAR,Morocco,2005,GC.DOD.TOTL.GD.ZS,Central government debt,Public finance,% of GDP,53.6663,World Bank WDI
MAR,Morocco,2006,GC.DOD.TOTL.GD.ZS,Central government debt,Public finance,% of GDP,49.5746,World Bank WDI
MAR,Morocco,2007,GC.DOD.TOTL.GD.ZS,Central government debt,Public finance,% of GDP,46.3035,World Bank WDI
MAR,Morocco,2008,GC.DOD.TOTL.GD.ZS,Central government debt,Public finance,% of GDP,41.2851,World Bank WDI
MAR,Morocco,2009,GC.DOD.TOTL.GD.ZS,Central government debt,Public finance,% of GDP,43.6257,World Bank WDI
MAR,Morocco,2010,GC.DOD.TOTL.GD.ZS,Central government debt,Public finance,% of GDP,47.0983,World Bank WDI
MAR,Morocco,2011,GC.DOD.TOTL.GD.ZS,Central government debt,Public finance,% of GDP,51.2263,World Bank WDI
TUN,Tunisia,1990,GC.DOD.TOTL.GD.ZS,Central government debt,Public finance,% of GDP,54.7704,World Bank WDI
TUN,Tunisia,1991,GC.DOD.TOTL.GD.ZS,Central government debt,Public finance,% of GDP,60.6727,World Bank WDI
TUN,Tunisia,1992,GC.DOD.TOTL.GD.ZS,Central government debt,Public finance,% of GDP,55.4991,World Bank WDI
TUN,Tunisia,1993,GC.DOD.TOTL.GD.ZS,Central government debt,Public finance,% of GDP,59.3098,World Bank WDI
TUN,Tunisia,1994,GC.DOD.TOTL.GD.ZS,Central government debt,Public finance,% of GDP,59.0345,World Bank WDI
TUN,Tunisia,1995,GC.DOD.TOTL.GD.ZS,Central government debt,Public finance,% of GDP,57.5183,World Bank WDI
TUN,Tunisia,1996,GC.DOD.TOTL.GD.ZS,Central government debt,Public finance,% of GDP,55.2965,World Bank WDI
TUN,Tunisia,1997,GC.DOD.TOTL.GD.ZS,Central government debt,Public finance,% of GDP,56.9353,World Bank WDI
TUN,Tunisia,1998,GC.DOD.TOTL.GD.ZS,Central government debt,Public finance,% of GDP,54.2817,World Bank WDI
TUN,Tunisia,1999,GC.DOD.TOTL.GD.ZS,Central government debt,Public finance,% of GDP,55.6386,World Bank WDI
TUN,Tunisia,2000,GC.DOD.TOTL.GD.ZS,Central government debt,Public finance,% of GDP,56.7213,World Bank WDI
TUN,Tunisia,2001,GC.DOD.TOTL.GD.ZS,Central government debt,Public finance,% of GDP,56.4678,World Bank WDI
TUN,Tunisia,2002,GC.DOD.TOTL.GD.ZS,Central government debt,Public finance,% of GDP,55.9344,World Bank WDI
TUN,Tunisia,2003,GC.DOD.TOTL.GD.ZS,Central government debt,Public finance,% of GDP,55.0213,World Bank WDI
TUN,Tunisia,2004,GC.DOD.TOTL.GD.ZS,Central government debt,Public finance,% of GDP,53.8376,World Bank WDI
TUN,Tunisia,2005,GC.DOD.TOTL.GD.ZS,Central government debt,Public finance,% of GDP,52.4205,World Bank WDI
TUN,Tunisia,2006,GC.DOD.TOTL.GD.ZS,Central government debt,Public finance,% of GDP,48.5639,World Bank WDI
TUN,Tunisia,2007,GC.DOD.TOTL.GD.ZS,Central government debt,Public finance,% of GDP,45.7825,World Bank WDI
TUN,Tunisia,2008,GC.DOD.TOTL.GD.ZS,Central government debt,Public finance,% of GDP,43.2877,World Bank WDI
TUN,Tunisia,2009,GC.DOD.TOTL.GD.ZS,Central government debt,Public finance,% of GDP,42.9298,World Bank WDI
TUN,Tunisia,2010,GC.DOD.TOTL.GD.ZS,Central government debt,Public finance,% of GDP,38.766,World Bank WDI
TUN,Tunisia,2011,GC.DOD.TOTL.GD.ZS,Central government debt,Public finance,% of GDP,42.4807,World Bank WDI
TUN,Tunisia,2012,GC.DOD.TOTL.GD.ZS,Central government debt,Public finance,% of GDP,42.5198,World Bank WDI
TUR,Turkiye,1990,GC.DOD.TOTL.GD.ZS,Central government debt,Public finance,% of GDP,30.2455,World Bank WDI
TUR,Turkiye,1991,GC.DOD.TOTL.GD.ZS,Central government debt,Public finance,% of GDP,32.1299,World Bank WDI
TUR,Turkiye,1992,GC.DOD.TOTL.GD.ZS,Central government debt,Public finance,% of GDP,34.0173,World Bank WDI
TUR,Turkiye,1993,GC.DOD.TOTL.GD.ZS,Central government debt,Public finance,% of GDP,33.6982,World Bank WDI
TUR,Turkiye,1994,GC.DOD.TOTL.GD.ZS,Central government debt,Public finance,% of GDP,44.0175,World Bank WDI
TUR,Turkiye,1995,GC.DOD.TOTL.GD.ZS,Central government debt,Public finance,% of GDP,25.8571,World Bank WDI
TUR,Turkiye,1996,GC.DOD.TOTL.GD.ZS,Central government debt,Public finance,% of GDP,27.4847,World Bank WDI
TUR,Turkiye,1997,GC.DOD.TOTL.GD.ZS,Central government debt,Public finance,% of GDP,31.8794,World Bank WDI
TUR,Turkiye,1998,GC.DOD.TOTL.GD.ZS,Central government debt,Public finance,% of GDP,30.2864,World Bank WDI
TUR,Turkiye,2008,GC.DOD.TOTL.GD.ZS,Central government debt,Public finance,% of GDP,41.0319,World Bank WDI
TUR,Turkiye,2009,GC.DOD.TOTL.GD.ZS,Central government debt,Public finance,% of GDP,48.4871,World Bank WDI
TUR,Turkiye,2010,GC.DOD.TOTL.GD.ZS,Central government debt,Public finance,% of GDP,45.1797,World Bank WDI
TUR,Turkiye,2011,GC.DOD.TOTL.GD.ZS,Central government debt,Public finance,% of GDP,39.9693,World Bank WDI
TUR,Turkiye,2012,GC.DOD.TOTL.GD.ZS,Central government debt,Public finance,% of GDP,37.6997,World Bank WDI
TUR,Turkiye,2013,GC.DOD.TOTL.GD.ZS,Central government debt,Public finance,% of GDP,31.7836,World Bank WDI
TUR,Turkiye,2014,GC.DOD.TOTL.GD.ZS,Central government debt,Public finance,% of GDP,31.1207,World Bank WDI
TUR,Turkiye,2015,GC.DOD.TOTL.GD.ZS,Central government debt,Public finance,% of GDP,29.1451,World Bank WDI
TUR,Turkiye,2016,GC.DOD.TOTL.GD.ZS,Central government debt,Public finance,% of GDP,30.0752,World Bank WDI
TUR,Turkiye,2017,GC.DOD.TOTL.GD.ZS,Central government debt,Public finance,% of GDP,29.5734,World Bank WDI
TUR,Turkiye,2018,GC.DOD.TOTL.GD.ZS,Central government debt,Public finance,% of GDP,29.4,World Bank WDI
TUR,Turkiye,2019,GC.DOD.TOTL.GD.ZS,Central government debt,Public finance,% of GDP,33.4601,World Bank WDI
TUR,Turkiye,2020,GC.DOD.TOTL.GD.ZS,Central government debt,Public finance,% of GDP,41.0397,World Bank WDI
TUR,Turkiye,2021,GC.DOD.TOTL.GD.ZS,Central government debt,Public finance,% of GDP,41.6375,World Bank WDI
TUR,Turkiye,2022,GC.DOD.TOTL.GD.ZS,Central government debt,Public finance,% of GDP,35.3301,World Bank WDI
TUR,Turkiye,2023,GC.DOD.TOTL.GD.ZS,Central government debt,Public finance,% of GDP,33.2548,World Bank WDI
TUR,Turkiye,2024,GC.DOD.TOTL.GD.ZS,Central government debt,Public finance,% of GDP,26.6192,World Bank WDI
DZA,Algeria,1990,NE.EXP.GNFS.ZS,Exports,Trade,% of GDP,23.4437,World Bank WDI
DZA,Algeria,1991,NE.EXP.GNFS.ZS,Exports,Trade,% of GDP,29.1178,World Bank WDI
DZA,Algeria,1992,NE.EXP.GNFS.ZS,Exports,Trade,% of GDP,25.3196,World Bank WDI
DZA,Algeria,1993,NE.EXP.GNFS.ZS,Exports,Trade,% of GDP,21.7839,World Bank WDI
DZA,Algeria,1994,NE.EXP.GNFS.ZS,Exports,Trade,% of GDP,22.5307,World Bank WDI
DZA,Algeria,1995,NE.EXP.GNFS.ZS,Exports,Trade,% of GDP,26.1948,World Bank WDI
DZA,Algeria,1996,NE.EXP.GNFS.ZS,Exports,Trade,% of GDP,29.7604,World Bank WDI
DZA,Algeria,1997,NE.EXP.GNFS.ZS,Exports,Trade,% of GDP,30.9063,World Bank WDI
DZA,Algeria,1998,NE.EXP.GNFS.ZS,Exports,Trade,% of GDP,22.5784,World Bank WDI
DZA,Algeria,1999,NE.EXP.GNFS.ZS,Exports,Trade,% of GDP,28.1501,World Bank WDI
DZA,Algeria,2000,NE.EXP.GNFS.ZS,Exports,Trade,% of GDP,42.0697,World Bank WDI
DZA,Algeria,2001,NE.EXP.GNFS.ZS,Exports,Trade,% of GDP,34.1212,World Bank WDI
DZA,Algeria,2002,NE.EXP.GNFS.ZS,Exports,Trade,% of GDP,33.1372,World Bank WDI
DZA,Algeria,2003,NE.EXP.GNFS.ZS,Exports,Trade,% of GDP,35.6691,World Bank WDI
DZA,Algeria,2004,NE.EXP.GNFS.ZS,Exports,Trade,% of GDP,38.393,World Bank WDI
DZA,Algeria,2005,NE.EXP.GNFS.ZS,Exports,Trade,% of GDP,44.3713,World Bank WDI
DZA,Algeria,2006,NE.EXP.GNFS.ZS,Exports,Trade,% of GDP,45.7641,World Bank WDI
DZA,Algeria,2007,NE.EXP.GNFS.ZS,Exports,Trade,% of GDP,44.7202,World Bank WDI
DZA,Algeria,2008,NE.EXP.GNFS.ZS,Exports,Trade,% of GDP,45.6472,World Bank WDI
DZA,Algeria,2009,NE.EXP.GNFS.ZS,Exports,Trade,% of GDP,32.586,World Bank WDI
DZA,Algeria,2010,NE.EXP.GNFS.ZS,Exports,Trade,% of GDP,34.9882,World Bank WDI
DZA,Algeria,2011,NE.EXP.GNFS.ZS,Exports,Trade,% of GDP,35.9881,World Bank WDI
DZA,Algeria,2012,NE.EXP.GNFS.ZS,Exports,Trade,% of GDP,34.3828,World Bank WDI
DZA,Algeria,2013,NE.EXP.GNFS.ZS,Exports,Trade,% of GDP,30.7994,World Bank WDI
DZA,Algeria,2014,NE.EXP.GNFS.ZS,Exports,Trade,% of GDP,27.6195,World Bank WDI
DZA,Algeria,2015,NE.EXP.GNFS.ZS,Exports,Trade,% of GDP,20.5281,World Bank WDI
DZA,Algeria,2016,NE.EXP.GNFS.ZS,Exports,Trade,% of GDP,18.4867,World Bank WDI
DZA,Algeria,2017,NE.EXP.GNFS.ZS,Exports,Trade,% of GDP,20.3337,World Bank WDI
DZA,Algeria,2018,NE.EXP.GNFS.ZS,Exports,Trade,% of GDP,23.4231,World Bank WDI
DZA,Algeria,2019,NE.EXP.GNFS.ZS,Exports,Trade,% of GDP,20.4079,World Bank WDI
DZA,Algeria,2020,NE.EXP.GNFS.ZS,Exports,Trade,% of GDP,15.5352,World Bank WDI
DZA,Algeria,2021,NE.EXP.GNFS.ZS,Exports,Trade,% of GDP,23.4444,World Bank WDI
DZA,Algeria,2022,NE.EXP.GNFS.ZS,Exports,Trade,% of GDP,30.7916,World Bank WDI
DZA,Algeria,2023,NE.EXP.GNFS.ZS,Exports,Trade,% of GDP,23.7901,World Bank WDI
DZA,Algeria,2024,NE.EXP.GNFS.ZS,Exports,Trade,% of GDP,19.8524,World Bank WDI
DZA,Algeria,2025,NE.EXP.GNFS.ZS,Exports,Trade,% of GDP,16.8348,World Bank WDI
EGY,"Egypt, Arab Rep.",1990,NE.EXP.GNFS.ZS,Exports,Trade,% of GDP,20.3549,World Bank WDI
EGY,"Egypt, Arab Rep.",1991,NE.EXP.GNFS.ZS,Exports,Trade,% of GDP,27.4667,World Bank WDI
EGY,"Egypt, Arab Rep.",1992,NE.EXP.GNFS.ZS,Exports,Trade,% of GDP,28.3968,World Bank WDI
EGY,"Egypt, Arab Rep.",1993,NE.EXP.GNFS.ZS,Exports,Trade,% of GDP,25.8376,World Bank WDI
EGY,"Egypt, Arab Rep.",1994,NE.EXP.GNFS.ZS,Exports,Trade,% of GDP,22.5714,World Bank WDI
EGY,"Egypt, Arab Rep.",1995,NE.EXP.GNFS.ZS,Exports,Trade,% of GDP,22.549,World Bank WDI
EGY,"Egypt, Arab Rep.",1996,NE.EXP.GNFS.ZS,Exports,Trade,% of GDP,20.7498,World Bank WDI
EGY,"Egypt, Arab Rep.",1997,NE.EXP.GNFS.ZS,Exports,Trade,% of GDP,18.8417,World Bank WDI
EGY,"Egypt, Arab Rep.",1998,NE.EXP.GNFS.ZS,Exports,Trade,% of GDP,16.2143,World Bank WDI
EGY,"Egypt, Arab Rep.",1999,NE.EXP.GNFS.ZS,Exports,Trade,% of GDP,15.052,World Bank WDI
EGY,"Egypt, Arab Rep.",2000,NE.EXP.GNFS.ZS,Exports,Trade,% of GDP,16.2011,World Bank WDI
EGY,"Egypt, Arab Rep.",2001,NE.EXP.GNFS.ZS,Exports,Trade,% of GDP,17.4798,World Bank WDI
EGY,"Egypt, Arab Rep.",2002,NE.EXP.GNFS.ZS,Exports,Trade,% of GDP,18.3162,World Bank WDI
EGY,"Egypt, Arab Rep.",2003,NE.EXP.GNFS.ZS,Exports,Trade,% of GDP,21.7964,World Bank WDI
EGY,"Egypt, Arab Rep.",2004,NE.EXP.GNFS.ZS,Exports,Trade,% of GDP,28.23,World Bank WDI
EGY,"Egypt, Arab Rep.",2005,NE.EXP.GNFS.ZS,Exports,Trade,% of GDP,30.3435,World Bank WDI
EGY,"Egypt, Arab Rep.",2006,NE.EXP.GNFS.ZS,Exports,Trade,% of GDP,29.9498,World Bank WDI
EGY,"Egypt, Arab Rep.",2007,NE.EXP.GNFS.ZS,Exports,Trade,% of GDP,30.2497,World Bank WDI
EGY,"Egypt, Arab Rep.",2008,NE.EXP.GNFS.ZS,Exports,Trade,% of GDP,33.043,World Bank WDI
EGY,"Egypt, Arab Rep.",2009,NE.EXP.GNFS.ZS,Exports,Trade,% of GDP,24.9568,World Bank WDI
EGY,"Egypt, Arab Rep.",2010,NE.EXP.GNFS.ZS,Exports,Trade,% of GDP,21.3492,World Bank WDI
EGY,"Egypt, Arab Rep.",2011,NE.EXP.GNFS.ZS,Exports,Trade,% of GDP,20.5674,World Bank WDI
EGY,"Egypt, Arab Rep.",2012,NE.EXP.GNFS.ZS,Exports,Trade,% of GDP,16.397,World Bank WDI
EGY,"Egypt, Arab Rep.",2013,NE.EXP.GNFS.ZS,Exports,Trade,% of GDP,17.0178,World Bank WDI
EGY,"Egypt, Arab Rep.",2014,NE.EXP.GNFS.ZS,Exports,Trade,% of GDP,14.2441,World Bank WDI
EGY,"Egypt, Arab Rep.",2015,NE.EXP.GNFS.ZS,Exports,Trade,% of GDP,13.1838,World Bank WDI
EGY,"Egypt, Arab Rep.",2016,NE.EXP.GNFS.ZS,Exports,Trade,% of GDP,10.3455,World Bank WDI
EGY,"Egypt, Arab Rep.",2017,NE.EXP.GNFS.ZS,Exports,Trade,% of GDP,15.0141,World Bank WDI
EGY,"Egypt, Arab Rep.",2018,NE.EXP.GNFS.ZS,Exports,Trade,% of GDP,17.9847,World Bank WDI
EGY,"Egypt, Arab Rep.",2019,NE.EXP.GNFS.ZS,Exports,Trade,% of GDP,16.644,World Bank WDI
EGY,"Egypt, Arab Rep.",2020,NE.EXP.GNFS.ZS,Exports,Trade,% of GDP,12.4728,World Bank WDI
EGY,"Egypt, Arab Rep.",2021,NE.EXP.GNFS.ZS,Exports,Trade,% of GDP,10.5612,World Bank WDI
EGY,"Egypt, Arab Rep.",2022,NE.EXP.GNFS.ZS,Exports,Trade,% of GDP,15.087,World Bank WDI
EGY,"Egypt, Arab Rep.",2023,NE.EXP.GNFS.ZS,Exports,Trade,% of GDP,19.1061,World Bank WDI
EGY,"Egypt, Arab Rep.",2024,NE.EXP.GNFS.ZS,Exports,Trade,% of GDP,16.3762,World Bank WDI
EGY,"Egypt, Arab Rep.",2025,NE.EXP.GNFS.ZS,Exports,Trade,% of GDP,19.82,World Bank WDI
JOR,Jordan,1990,NE.EXP.GNFS.ZS,Exports,Trade,% of GDP,59.8348,World Bank WDI
JOR,Jordan,1991,NE.EXP.GNFS.ZS,Exports,Trade,% of GDP,57.3901,World Bank WDI
JOR,Jordan,1992,NE.EXP.GNFS.ZS,Exports,Trade,% of GDP,50.2327,World Bank WDI
JOR,Jordan,1993,NE.EXP.GNFS.ZS,Exports,Trade,% of GDP,50.3351,World Bank WDI
JOR,Jordan,1994,NE.EXP.GNFS.ZS,Exports,Trade,% of GDP,47.8622,World Bank WDI
JOR,Jordan,1995,NE.EXP.GNFS.ZS,Exports,Trade,% of GDP,51.7212,World Bank WDI
JOR,Jordan,1996,NE.EXP.GNFS.ZS,Exports,Trade,% of GDP,52.8789,World Bank WDI
JOR,Jordan,1997,NE.EXP.GNFS.ZS,Exports,Trade,% of GDP,49.2476,World Bank WDI
JOR,Jordan,1998,NE.EXP.GNFS.ZS,Exports,Trade,% of GDP,44.7951,World Bank WDI
JOR,Jordan,1999,NE.EXP.GNFS.ZS,Exports,Trade,% of GDP,43.3108,World Bank WDI
JOR,Jordan,2000,NE.EXP.GNFS.ZS,Exports,Trade,% of GDP,41.8274,World Bank WDI
JOR,Jordan,2001,NE.EXP.GNFS.ZS,Exports,Trade,% of GDP,42.1343,World Bank WDI
JOR,Jordan,2002,NE.EXP.GNFS.ZS,Exports,Trade,% of GDP,47.4213,World Bank WDI
JOR,Jordan,2003,NE.EXP.GNFS.ZS,Exports,Trade,% of GDP,47.3723,World Bank WDI
JOR,Jordan,2004,NE.EXP.GNFS.ZS,Exports,Trade,% of GDP,52.1895,World Bank WDI
JOR,Jordan,2005,NE.EXP.GNFS.ZS,Exports,Trade,% of GDP,52.7046,World Bank WDI
JOR,Jordan,2006,NE.EXP.GNFS.ZS,Exports,Trade,% of GDP,53.8743,World Bank WDI
JOR,Jordan,2007,NE.EXP.GNFS.ZS,Exports,Trade,% of GDP,54.2349,World Bank WDI
MAR,Morocco,1990,NE.EXP.GNFS.ZS,Exports,Trade,% of GDP,24.5593,World Bank WDI
MAR,Morocco,1991,NE.EXP.GNFS.ZS,Exports,Trade,% of GDP,22.3188,World Bank WDI
MAR,Morocco,1992,NE.EXP.GNFS.ZS,Exports,Trade,% of GDP,22.1722,World Bank WDI
MAR,Morocco,1993,NE.EXP.GNFS.ZS,Exports,Trade,% of GDP,22.0608,World Bank WDI
MAR,Morocco,1994,NE.EXP.GNFS.ZS,Exports,Trade,% of GDP,20.9385,World Bank WDI
MAR,Morocco,1995,NE.EXP.GNFS.ZS,Exports,Trade,% of GDP,22.6732,World Bank WDI
MAR,Morocco,1996,NE.EXP.GNFS.ZS,Exports,Trade,% of GDP,21.836,World Bank WDI
MAR,Morocco,1997,NE.EXP.GNFS.ZS,Exports,Trade,% of GDP,23.9241,World Bank WDI
MAR,Morocco,1998,NE.EXP.GNFS.ZS,Exports,Trade,% of GDP,21.0424,World Bank WDI
MAR,Morocco,1999,NE.EXP.GNFS.ZS,Exports,Trade,% of GDP,22.6347,World Bank WDI
MAR,Morocco,2000,NE.EXP.GNFS.ZS,Exports,Trade,% of GDP,24.1968,World Bank WDI
MAR,Morocco,2001,NE.EXP.GNFS.ZS,Exports,Trade,% of GDP,25.3955,World Bank WDI
MAR,Morocco,2002,NE.EXP.GNFS.ZS,Exports,Trade,% of GDP,25.9444,World Bank WDI
MAR,Morocco,2003,NE.EXP.GNFS.ZS,Exports,Trade,% of GDP,24.6765,World Bank WDI
MAR,Morocco,2004,NE.EXP.GNFS.ZS,Exports,Trade,% of GDP,25.3492,World Bank WDI
MAR,Morocco,2005,NE.EXP.GNFS.ZS,Exports,Trade,% of GDP,27.9959,World Bank WDI
MAR,Morocco,2006,NE.EXP.GNFS.ZS,Exports,Trade,% of GDP,29.629,World Bank WDI
MAR,Morocco,2007,NE.EXP.GNFS.ZS,Exports,Trade,% of GDP,31.4278,World Bank WDI
MAR,Morocco,2008,NE.EXP.GNFS.ZS,Exports,Trade,% of GDP,32.4722,World Bank WDI
MAR,Morocco,2009,NE.EXP.GNFS.ZS,Exports,Trade,% of GDP,25.7172,World Bank WDI
MAR,Morocco,2010,NE.EXP.GNFS.ZS,Exports,Trade,% of GDP,29.7889,World Bank WDI
MAR,Morocco,2011,NE.EXP.GNFS.ZS,Exports,Trade,% of GDP,31.9545,World Bank WDI
MAR,Morocco,2012,NE.EXP.GNFS.ZS,Exports,Trade,% of GDP,32.0971,World Bank WDI
MAR,Morocco,2013,NE.EXP.GNFS.ZS,Exports,Trade,% of GDP,30.2533,World Bank WDI
MAR,Morocco,2014,NE.EXP.GNFS.ZS,Exports,Trade,% of GDP,30.133,World Bank WDI
MAR,Morocco,2015,NE.EXP.GNFS.ZS,Exports,Trade,% of GDP,29.9959,World Bank WDI
MAR,Morocco,2016,NE.EXP.GNFS.ZS,Exports,Trade,% of GDP,30.7346,World Bank WDI
MAR,Morocco,2017,NE.EXP.GNFS.ZS,Exports,Trade,% of GDP,32.6065,World Bank WDI
MAR,Morocco,2018,NE.EXP.GNFS.ZS,Exports,Trade,% of GDP,33.8284,World Bank WDI
MAR,Morocco,2019,NE.EXP.GNFS.ZS,Exports,Trade,% of GDP,34.0931,World Bank WDI
MAR,Morocco,2020,NE.EXP.GNFS.ZS,Exports,Trade,% of GDP,30.7941,World Bank WDI
MAR,Morocco,2021,NE.EXP.GNFS.ZS,Exports,Trade,% of GDP,33.1361,World Bank WDI
MAR,Morocco,2022,NE.EXP.GNFS.ZS,Exports,Trade,% of GDP,44.7116,World Bank WDI
MAR,Morocco,2023,NE.EXP.GNFS.ZS,Exports,Trade,% of GDP,42.4176,World Bank WDI
MAR,Morocco,2024,NE.EXP.GNFS.ZS,Exports,Trade,% of GDP,41.9985,World Bank WDI
MAR,Morocco,2025,NE.EXP.GNFS.ZS,Exports,Trade,% of GDP,41.9692,World Bank WDI
TUN,Tunisia,1990,NE.EXP.GNFS.ZS,Exports,Trade,% of GDP,43.5571,World Bank WDI
TUN,Tunisia,1991,NE.EXP.GNFS.ZS,Exports,Trade,% of GDP,40.3656,World Bank WDI
TUN,Tunisia,1992,NE.EXP.GNFS.ZS,Exports,Trade,% of GDP,39.5351,World Bank WDI
TUN,Tunisia,1993,NE.EXP.GNFS.ZS,Exports,Trade,% of GDP,40.4453,World Bank WDI
TUN,Tunisia,1994,NE.EXP.GNFS.ZS,Exports,Trade,% of GDP,44.9323,World Bank WDI
TUN,Tunisia,1995,NE.EXP.GNFS.ZS,Exports,Trade,% of GDP,44.9044,World Bank WDI
TUN,Tunisia,1996,NE.EXP.GNFS.ZS,Exports,Trade,% of GDP,42.1094,World Bank WDI
TUN,Tunisia,1997,NE.EXP.GNFS.ZS,Exports,Trade,% of GDP,39.1141,World Bank WDI
TUN,Tunisia,1998,NE.EXP.GNFS.ZS,Exports,Trade,% of GDP,38.5198,World Bank WDI
TUN,Tunisia,1999,NE.EXP.GNFS.ZS,Exports,Trade,% of GDP,37.979,World Bank WDI
TUN,Tunisia,2000,NE.EXP.GNFS.ZS,Exports,Trade,% of GDP,39.73,World Bank WDI
TUN,Tunisia,2001,NE.EXP.GNFS.ZS,Exports,Trade,% of GDP,42.8168,World Bank WDI
TUN,Tunisia,2002,NE.EXP.GNFS.ZS,Exports,Trade,% of GDP,40.7848,World Bank WDI
TUN,Tunisia,2003,NE.EXP.GNFS.ZS,Exports,Trade,% of GDP,39.4836,World Bank WDI
TUN,Tunisia,2004,NE.EXP.GNFS.ZS,Exports,Trade,% of GDP,42.1981,World Bank WDI
TUN,Tunisia,2005,NE.EXP.GNFS.ZS,Exports,Trade,% of GDP,44.9323,World Bank WDI
TUN,Tunisia,2006,NE.EXP.GNFS.ZS,Exports,Trade,% of GDP,46.0285,World Bank WDI
TUN,Tunisia,2007,NE.EXP.GNFS.ZS,Exports,Trade,% of GDP,51.0782,World Bank WDI
TUN,Tunisia,2008,NE.EXP.GNFS.ZS,Exports,Trade,% of GDP,55.6528,World Bank WDI
TUN,Tunisia,2009,NE.EXP.GNFS.ZS,Exports,Trade,% of GDP,45.0398,World Bank WDI
TUN,Tunisia,2010,NE.EXP.GNFS.ZS,Exports,Trade,% of GDP,47.9597,World Bank WDI
TUN,Tunisia,2011,NE.EXP.GNFS.ZS,Exports,Trade,% of GDP,46.0547,World Bank WDI
TUN,Tunisia,2012,NE.EXP.GNFS.ZS,Exports,Trade,% of GDP,45.9128,World Bank WDI
TUN,Tunisia,2013,NE.EXP.GNFS.ZS,Exports,Trade,% of GDP,44.8897,World Bank WDI
TUN,Tunisia,2014,NE.EXP.GNFS.ZS,Exports,Trade,% of GDP,42.9475,World Bank WDI
TUN,Tunisia,2015,NE.EXP.GNFS.ZS,Exports,Trade,% of GDP,38.3998,World Bank WDI
TUN,Tunisia,2016,NE.EXP.GNFS.ZS,Exports,Trade,% of GDP,38.2953,World Bank WDI
TUN,Tunisia,2017,NE.EXP.GNFS.ZS,Exports,Trade,% of GDP,41.7208,World Bank WDI
TUN,Tunisia,2018,NE.EXP.GNFS.ZS,Exports,Trade,% of GDP,45.4857,World Bank WDI
TUN,Tunisia,2019,NE.EXP.GNFS.ZS,Exports,Trade,% of GDP,45.9503,World Bank WDI
TUN,Tunisia,2020,NE.EXP.GNFS.ZS,Exports,Trade,% of GDP,37.9918,World Bank WDI
TUN,Tunisia,2021,NE.EXP.GNFS.ZS,Exports,Trade,% of GDP,41.7802,World Bank WDI
TUN,Tunisia,2022,NE.EXP.GNFS.ZS,Exports,Trade,% of GDP,51.3259,World Bank WDI
TUN,Tunisia,2023,NE.EXP.GNFS.ZS,Exports,Trade,% of GDP,53.0394,World Bank WDI
TUN,Tunisia,2024,NE.EXP.GNFS.ZS,Exports,Trade,% of GDP,50.0017,World Bank WDI
TUN,Tunisia,2025,NE.EXP.GNFS.ZS,Exports,Trade,% of GDP,46.6517,World Bank WDI
TUR,Turkiye,1990,NE.EXP.GNFS.ZS,Exports,Trade,% of GDP,13.3651,World Bank WDI
TUR,Turkiye,1991,NE.EXP.GNFS.ZS,Exports,Trade,% of GDP,13.8411,World Bank WDI
TUR,Turkiye,1992,NE.EXP.GNFS.ZS,Exports,Trade,% of GDP,14.3922,World Bank WDI
TUR,Turkiye,1993,NE.EXP.GNFS.ZS,Exports,Trade,% of GDP,13.6738,World Bank WDI
TUR,Turkiye,1994,NE.EXP.GNFS.ZS,Exports,Trade,% of GDP,21.3621,World Bank WDI
TUR,Turkiye,1995,NE.EXP.GNFS.ZS,Exports,Trade,% of GDP,18.3239,World Bank WDI
TUR,Turkiye,1996,NE.EXP.GNFS.ZS,Exports,Trade,% of GDP,19.5581,World Bank WDI
TUR,Turkiye,1997,NE.EXP.GNFS.ZS,Exports,Trade,% of GDP,21.439,World Bank WDI
TUR,Turkiye,1998,NE.EXP.GNFS.ZS,Exports,Trade,% of GDP,20.6545,World Bank WDI
TUR,Turkiye,1999,NE.EXP.GNFS.ZS,Exports,Trade,% of GDP,18.8308,World Bank WDI
TUR,Turkiye,2000,NE.EXP.GNFS.ZS,Exports,Trade,% of GDP,19.9334,World Bank WDI
TUR,Turkiye,2001,NE.EXP.GNFS.ZS,Exports,Trade,% of GDP,27.2971,World Bank WDI
TUR,Turkiye,2002,NE.EXP.GNFS.ZS,Exports,Trade,% of GDP,25.2651,World Bank WDI
TUR,Turkiye,2003,NE.EXP.GNFS.ZS,Exports,Trade,% of GDP,23.1947,World Bank WDI
TUR,Turkiye,2004,NE.EXP.GNFS.ZS,Exports,Trade,% of GDP,23.8544,World Bank WDI
TUR,Turkiye,2005,NE.EXP.GNFS.ZS,Exports,Trade,% of GDP,22.1188,World Bank WDI
TUR,Turkiye,2006,NE.EXP.GNFS.ZS,Exports,Trade,% of GDP,22.6757,World Bank WDI
TUR,Turkiye,2007,NE.EXP.GNFS.ZS,Exports,Trade,% of GDP,22.1876,World Bank WDI
TUR,Turkiye,2008,NE.EXP.GNFS.ZS,Exports,Trade,% of GDP,23.9214,World Bank WDI
TUR,Turkiye,2009,NE.EXP.GNFS.ZS,Exports,Trade,% of GDP,23.7579,World Bank WDI
TUR,Turkiye,2010,NE.EXP.GNFS.ZS,Exports,Trade,% of GDP,21.5899,World Bank WDI
TUR,Turkiye,2011,NE.EXP.GNFS.ZS,Exports,Trade,% of GDP,23.4904,World Bank WDI
TUR,Turkiye,2012,NE.EXP.GNFS.ZS,Exports,Trade,% of GDP,24.9658,World Bank WDI
TUR,Turkiye,2013,NE.EXP.GNFS.ZS,Exports,Trade,% of GDP,24.4033,World Bank WDI
TUR,Turkiye,2014,NE.EXP.GNFS.ZS,Exports,Trade,% of GDP,25.8173,World Bank WDI
TUR,Turkiye,2015,NE.EXP.GNFS.ZS,Exports,Trade,% of GDP,25.2808,World Bank WDI
TUR,Turkiye,2016,NE.EXP.GNFS.ZS,Exports,Trade,% of GDP,23.6322,World Bank WDI
TUR,Turkiye,2017,NE.EXP.GNFS.ZS,Exports,Trade,% of GDP,26.5395,World Bank WDI
TUR,Turkiye,2018,NE.EXP.GNFS.ZS,Exports,Trade,% of GDP,31.7279,World Bank WDI
TUR,Turkiye,2019,NE.EXP.GNFS.ZS,Exports,Trade,% of GDP,33.0299,World Bank WDI
TUR,Turkiye,2020,NE.EXP.GNFS.ZS,Exports,Trade,% of GDP,28.74,World Bank WDI
TUR,Turkiye,2021,NE.EXP.GNFS.ZS,Exports,Trade,% of GDP,35.0536,World Bank WDI
TUR,Turkiye,2022,NE.EXP.GNFS.ZS,Exports,Trade,% of GDP,38.1412,World Bank WDI
TUR,Turkiye,2023,NE.EXP.GNFS.ZS,Exports,Trade,% of GDP,31.9136,World Bank WDI
TUR,Turkiye,2024,NE.EXP.GNFS.ZS,Exports,Trade,% of GDP,27.5682,World Bank WDI
TUR,Turkiye,2025,NE.EXP.GNFS.ZS,Exports,Trade,% of GDP,24.8498,World Bank WDI
DZA,Algeria,1990,NE.IMP.GNFS.ZS,Imports,Trade,% of GDP,24.937,World Bank WDI
DZA,Algeria,1991,NE.IMP.GNFS.ZS,Imports,Trade,% of GDP,23.5998,World Bank WDI
DZA,Algeria,1992,NE.IMP.GNFS.ZS,Imports,Trade,% of GDP,23.8695,World Bank WDI
DZA,Algeria,1993,NE.IMP.GNFS.ZS,Imports,Trade,% of GDP,23.1389,World Bank WDI
DZA,Algeria,1994,NE.IMP.GNFS.ZS,Imports,Trade,% of GDP,26.0537,World Bank WDI
DZA,Algeria,1995,NE.IMP.GNFS.ZS,Imports,Trade,% of GDP,28.9962,World Bank WDI
DZA,Algeria,1996,NE.IMP.GNFS.ZS,Imports,Trade,% of GDP,23.9447,World Bank WDI
DZA,Algeria,1997,NE.IMP.GNFS.ZS,Imports,Trade,% of GDP,21.3376,World Bank WDI
DZA,Algeria,1998,NE.IMP.GNFS.ZS,Imports,Trade,% of GDP,22.5161,World Bank WDI
DZA,Algeria,1999,NE.IMP.GNFS.ZS,Imports,Trade,% of GDP,22.779,World Bank WDI
DZA,Algeria,2000,NE.IMP.GNFS.ZS,Imports,Trade,% of GDP,20.7886,World Bank WDI
DZA,Algeria,2001,NE.IMP.GNFS.ZS,Imports,Trade,% of GDP,20.4084,World Bank WDI
DZA,Algeria,2002,NE.IMP.GNFS.ZS,Imports,Trade,% of GDP,23.4524,World Bank WDI
DZA,Algeria,2003,NE.IMP.GNFS.ZS,Imports,Trade,% of GDP,22.1001,World Bank WDI
DZA,Algeria,2004,NE.IMP.GNFS.ZS,Imports,Trade,% of GDP,22.965,World Bank WDI
DZA,Algeria,2005,NE.IMP.GNFS.ZS,Imports,Trade,% of GDP,22.4692,World Bank WDI
DZA,Algeria,2006,NE.IMP.GNFS.ZS,Imports,Trade,% of GDP,20.1512,World Bank WDI
DZA,Algeria,2007,NE.IMP.GNFS.ZS,Imports,Trade,% of GDP,22.8253,World Bank WDI
DZA,Algeria,2008,NE.IMP.GNFS.ZS,Imports,Trade,% of GDP,25.3813,World Bank WDI
DZA,Algeria,2009,NE.IMP.GNFS.ZS,Imports,Trade,% of GDP,31.6987,World Bank WDI
DZA,Algeria,2010,NE.IMP.GNFS.ZS,Imports,Trade,% of GDP,28.503,World Bank WDI
DZA,Algeria,2011,NE.IMP.GNFS.ZS,Imports,Trade,% of GDP,26.232,World Bank WDI
DZA,Algeria,2012,NE.IMP.GNFS.ZS,Imports,Trade,% of GDP,26.3748,World Bank WDI
DZA,Algeria,2013,NE.IMP.GNFS.ZS,Imports,Trade,% of GDP,28.3516,World Bank WDI
DZA,Algeria,2014,NE.IMP.GNFS.ZS,Imports,Trade,% of GDP,29.3041,World Bank WDI
DZA,Algeria,2015,NE.IMP.GNFS.ZS,Imports,Trade,% of GDP,32.6765,World Bank WDI
DZA,Algeria,2016,NE.IMP.GNFS.ZS,Imports,Trade,% of GDP,31.2742,World Bank WDI
DZA,Algeria,2017,NE.IMP.GNFS.ZS,Imports,Trade,% of GDP,29.4871,World Bank WDI
DZA,Algeria,2018,NE.IMP.GNFS.ZS,Imports,Trade,% of GDP,29.0131,World Bank WDI
DZA,Algeria,2019,NE.IMP.GNFS.ZS,Imports,Trade,% of GDP,26.0989,World Bank WDI
DZA,Algeria,2020,NE.IMP.GNFS.ZS,Imports,Trade,% of GDP,24.8546,World Bank WDI
DZA,Algeria,2021,NE.IMP.GNFS.ZS,Imports,Trade,% of GDP,23.3927,World Bank WDI
DZA,Algeria,2022,NE.IMP.GNFS.ZS,Imports,Trade,% of GDP,20.3985,World Bank WDI
DZA,Algeria,2023,NE.IMP.GNFS.ZS,Imports,Trade,% of GDP,19.9497,World Bank WDI
DZA,Algeria,2024,NE.IMP.GNFS.ZS,Imports,Trade,% of GDP,20.2822,World Bank WDI
DZA,Algeria,2025,NE.IMP.GNFS.ZS,Imports,Trade,% of GDP,22.1442,World Bank WDI
EGY,"Egypt, Arab Rep.",1990,NE.IMP.GNFS.ZS,Imports,Trade,% of GDP,32.5678,World Bank WDI
EGY,"Egypt, Arab Rep.",1991,NE.IMP.GNFS.ZS,Imports,Trade,% of GDP,35.3778,World Bank WDI
EGY,"Egypt, Arab Rep.",1992,NE.IMP.GNFS.ZS,Imports,Trade,% of GDP,30.913,World Bank WDI
EGY,"Egypt, Arab Rep.",1993,NE.IMP.GNFS.ZS,Imports,Trade,% of GDP,30.0902,World Bank WDI
EGY,"Egypt, Arab Rep.",1994,NE.IMP.GNFS.ZS,Imports,Trade,% of GDP,28.0571,World Bank WDI
EGY,"Egypt, Arab Rep.",1995,NE.IMP.GNFS.ZS,Imports,Trade,% of GDP,27.6961,World Bank WDI
EGY,"Egypt, Arab Rep.",1996,NE.IMP.GNFS.ZS,Imports,Trade,% of GDP,26.1988,World Bank WDI
EGY,"Egypt, Arab Rep.",1997,NE.IMP.GNFS.ZS,Imports,Trade,% of GDP,24.8966,World Bank WDI
EGY,"Egypt, Arab Rep.",1998,NE.IMP.GNFS.ZS,Imports,Trade,% of GDP,25.7133,World Bank WDI
EGY,"Egypt, Arab Rep.",1999,NE.IMP.GNFS.ZS,Imports,Trade,% of GDP,23.3095,World Bank WDI
EGY,"Egypt, Arab Rep.",2000,NE.IMP.GNFS.ZS,Imports,Trade,% of GDP,22.8168,World Bank WDI
EGY,"Egypt, Arab Rep.",2001,NE.IMP.GNFS.ZS,Imports,Trade,% of GDP,22.3306,World Bank WDI
EGY,"Egypt, Arab Rep.",2002,NE.IMP.GNFS.ZS,Imports,Trade,% of GDP,22.6709,World Bank WDI
EGY,"Egypt, Arab Rep.",2003,NE.IMP.GNFS.ZS,Imports,Trade,% of GDP,24.3832,World Bank WDI
EGY,"Egypt, Arab Rep.",2004,NE.IMP.GNFS.ZS,Imports,Trade,% of GDP,29.5899,World Bank WDI
EGY,"Egypt, Arab Rep.",2005,NE.IMP.GNFS.ZS,Imports,Trade,% of GDP,32.6091,World Bank WDI
EGY,"Egypt, Arab Rep.",2006,NE.IMP.GNFS.ZS,Imports,Trade,% of GDP,31.5687,World Bank WDI
EGY,"Egypt, Arab Rep.",2007,NE.IMP.GNFS.ZS,Imports,Trade,% of GDP,34.8281,World Bank WDI
EGY,"Egypt, Arab Rep.",2008,NE.IMP.GNFS.ZS,Imports,Trade,% of GDP,38.6376,World Bank WDI
EGY,"Egypt, Arab Rep.",2009,NE.IMP.GNFS.ZS,Imports,Trade,% of GDP,31.5966,World Bank WDI
EGY,"Egypt, Arab Rep.",2010,NE.IMP.GNFS.ZS,Imports,Trade,% of GDP,26.5871,World Bank WDI
EGY,"Egypt, Arab Rep.",2011,NE.IMP.GNFS.ZS,Imports,Trade,% of GDP,24.6882,World Bank WDI
EGY,"Egypt, Arab Rep.",2012,NE.IMP.GNFS.ZS,Imports,Trade,% of GDP,24.3148,World Bank WDI
EGY,"Egypt, Arab Rep.",2013,NE.IMP.GNFS.ZS,Imports,Trade,% of GDP,23.3552,World Bank WDI
EGY,"Egypt, Arab Rep.",2014,NE.IMP.GNFS.ZS,Imports,Trade,% of GDP,22.6761,World Bank WDI
EGY,"Egypt, Arab Rep.",2015,NE.IMP.GNFS.ZS,Imports,Trade,% of GDP,21.6621,World Bank WDI
EGY,"Egypt, Arab Rep.",2016,NE.IMP.GNFS.ZS,Imports,Trade,% of GDP,19.9011,World Bank WDI
EGY,"Egypt, Arab Rep.",2017,NE.IMP.GNFS.ZS,Imports,Trade,% of GDP,27.818,World Bank WDI
EGY,"Egypt, Arab Rep.",2018,NE.IMP.GNFS.ZS,Imports,Trade,% of GDP,27.9264,World Bank WDI
EGY,"Egypt, Arab Rep.",2019,NE.IMP.GNFS.ZS,Imports,Trade,% of GDP,24.48,World Bank WDI
EGY,"Egypt, Arab Rep.",2020,NE.IMP.GNFS.ZS,Imports,Trade,% of GDP,19.6535,World Bank WDI
EGY,"Egypt, Arab Rep.",2021,NE.IMP.GNFS.ZS,Imports,Trade,% of GDP,19.2958,World Bank WDI
EGY,"Egypt, Arab Rep.",2022,NE.IMP.GNFS.ZS,Imports,Trade,% of GDP,21.8961,World Bank WDI
EGY,"Egypt, Arab Rep.",2023,NE.IMP.GNFS.ZS,Imports,Trade,% of GDP,21.3443,World Bank WDI
EGY,"Egypt, Arab Rep.",2024,NE.IMP.GNFS.ZS,Imports,Trade,% of GDP,23.2245,World Bank WDI
EGY,"Egypt, Arab Rep.",2025,NE.IMP.GNFS.ZS,Imports,Trade,% of GDP,31.5143,World Bank WDI
JOR,Jordan,1990,NE.IMP.GNFS.ZS,Imports,Trade,% of GDP,89.6128,World Bank WDI
JOR,Jordan,1991,NE.IMP.GNFS.ZS,Imports,Trade,% of GDP,79.8715,World Bank WDI
JOR,Jordan,1992,NE.IMP.GNFS.ZS,Imports,Trade,% of GDP,81.412,World Bank WDI
JOR,Jordan,1993,NE.IMP.GNFS.ZS,Imports,Trade,% of GDP,80.1501,World Bank WDI
JOR,Jordan,1994,NE.IMP.GNFS.ZS,Imports,Trade,% of GDP,70.4739,World Bank WDI
JOR,Jordan,1995,NE.IMP.GNFS.ZS,Imports,Trade,% of GDP,72.8615,World Bank WDI
JOR,Jordan,1996,NE.IMP.GNFS.ZS,Imports,Trade,% of GDP,78.1802,World Bank WDI
JOR,Jordan,1997,NE.IMP.GNFS.ZS,Imports,Trade,% of GDP,71.4895,World Bank WDI
JOR,Jordan,1998,NE.IMP.GNFS.ZS,Imports,Trade,% of GDP,64.2573,World Bank WDI
JOR,Jordan,1999,NE.IMP.GNFS.ZS,Imports,Trade,% of GDP,61.1596,World Bank WDI
JOR,Jordan,2000,NE.IMP.GNFS.ZS,Imports,Trade,% of GDP,68.5015,World Bank WDI
JOR,Jordan,2001,NE.IMP.GNFS.ZS,Imports,Trade,% of GDP,67.1512,World Bank WDI
JOR,Jordan,2002,NE.IMP.GNFS.ZS,Imports,Trade,% of GDP,66.6176,World Bank WDI
JOR,Jordan,2003,NE.IMP.GNFS.ZS,Imports,Trade,% of GDP,68.3346,World Bank WDI
JOR,Jordan,2004,NE.IMP.GNFS.ZS,Imports,Trade,% of GDP,82.4321,World Bank WDI
JOR,Jordan,2005,NE.IMP.GNFS.ZS,Imports,Trade,% of GDP,94.2043,World Bank WDI
JOR,Jordan,2006,NE.IMP.GNFS.ZS,Imports,Trade,% of GDP,87.8731,World Bank WDI
JOR,Jordan,2007,NE.IMP.GNFS.ZS,Imports,Trade,% of GDP,91.7593,World Bank WDI
MAR,Morocco,1990,NE.IMP.GNFS.ZS,Imports,Trade,% of GDP,30.0674,World Bank WDI
MAR,Morocco,1991,NE.IMP.GNFS.ZS,Imports,Trade,% of GDP,27.4605,World Bank WDI
MAR,Morocco,1992,NE.IMP.GNFS.ZS,Imports,Trade,% of GDP,28.0912,World Bank WDI
MAR,Morocco,1993,NE.IMP.GNFS.ZS,Imports,Trade,% of GDP,27.6077,World Bank WDI
MAR,Morocco,1994,NE.IMP.GNFS.ZS,Imports,Trade,% of GDP,26.3751,World Bank WDI
MAR,Morocco,1995,NE.IMP.GNFS.ZS,Imports,Trade,% of GDP,29.0418,World Bank WDI
MAR,Morocco,1996,NE.IMP.GNFS.ZS,Imports,Trade,% of GDP,25.2596,World Bank WDI
MAR,Morocco,1997,NE.IMP.GNFS.ZS,Imports,Trade,% of GDP,27.226,World Bank WDI
MAR,Morocco,1998,NE.IMP.GNFS.ZS,Imports,Trade,% of GDP,24.6299,World Bank WDI
MAR,Morocco,1999,NE.IMP.GNFS.ZS,Imports,Trade,% of GDP,25.9442,World Bank WDI
MAR,Morocco,2000,NE.IMP.GNFS.ZS,Imports,Trade,% of GDP,29.2435,World Bank WDI
MAR,Morocco,2001,NE.IMP.GNFS.ZS,Imports,Trade,% of GDP,28.096,World Bank WDI
MAR,Morocco,2002,NE.IMP.GNFS.ZS,Imports,Trade,% of GDP,28.3657,World Bank WDI
MAR,Morocco,2003,NE.IMP.GNFS.ZS,Imports,Trade,% of GDP,27.6554,World Bank WDI
MAR,Morocco,2004,NE.IMP.GNFS.ZS,Imports,Trade,% of GDP,30.2024,World Bank WDI
MAR,Morocco,2005,NE.IMP.GNFS.ZS,Imports,Trade,% of GDP,33.4979,World Bank WDI
MAR,Morocco,2006,NE.IMP.GNFS.ZS,Imports,Trade,% of GDP,35.0432,World Bank WDI
MAR,Morocco,2007,NE.IMP.GNFS.ZS,Imports,Trade,% of GDP,39.9219,World Bank WDI
MAR,Morocco,2008,NE.IMP.GNFS.ZS,Imports,Trade,% of GDP,45.3622,World Bank WDI
MAR,Morocco,2009,NE.IMP.GNFS.ZS,Imports,Trade,% of GDP,36.6538,World Bank WDI
MAR,Morocco,2010,NE.IMP.GNFS.ZS,Imports,Trade,% of GDP,39.753,World Bank WDI
MAR,Morocco,2011,NE.IMP.GNFS.ZS,Imports,Trade,% of GDP,44.8714,World Bank WDI
MAR,Morocco,2012,NE.IMP.GNFS.ZS,Imports,Trade,% of GDP,46.125,World Bank WDI
MAR,Morocco,2013,NE.IMP.GNFS.ZS,Imports,Trade,% of GDP,43.6045,World Bank WDI
MAR,Morocco,2014,NE.IMP.GNFS.ZS,Imports,Trade,% of GDP,41.7606,World Bank WDI
MAR,Morocco,2015,NE.IMP.GNFS.ZS,Imports,Trade,% of GDP,37.2928,World Bank WDI
MAR,Morocco,2016,NE.IMP.GNFS.ZS,Imports,Trade,% of GDP,40.3881,World Bank WDI
MAR,Morocco,2017,NE.IMP.GNFS.ZS,Imports,Trade,% of GDP,41.5669,World Bank WDI
MAR,Morocco,2018,NE.IMP.GNFS.ZS,Imports,Trade,% of GDP,43.4265,World Bank WDI
MAR,Morocco,2019,NE.IMP.GNFS.ZS,Imports,Trade,% of GDP,41.9051,World Bank WDI
MAR,Morocco,2020,NE.IMP.GNFS.ZS,Imports,Trade,% of GDP,38.0497,World Bank WDI
MAR,Morocco,2021,NE.IMP.GNFS.ZS,Imports,Trade,% of GDP,42.3873,World Bank WDI
MAR,Morocco,2022,NE.IMP.GNFS.ZS,Imports,Trade,% of GDP,56.1947,World Bank WDI
MAR,Morocco,2023,NE.IMP.GNFS.ZS,Imports,Trade,% of GDP,50.7003,World Bank WDI
MAR,Morocco,2024,NE.IMP.GNFS.ZS,Imports,Trade,% of GDP,50.1887,World Bank WDI
MAR,Morocco,2025,NE.IMP.GNFS.ZS,Imports,Trade,% of GDP,51.1324,World Bank WDI
TUN,Tunisia,1990,NE.IMP.GNFS.ZS,Imports,Trade,% of GDP,50.6042,World Bank WDI
TUN,Tunisia,1991,NE.IMP.GNFS.ZS,Imports,Trade,% of GDP,45.3204,World Bank WDI
TUN,Tunisia,1992,NE.IMP.GNFS.ZS,Imports,Trade,% of GDP,46.465,World Bank WDI
TUN,Tunisia,1993,NE.IMP.GNFS.ZS,Imports,Trade,% of GDP,47.9656,World Bank WDI
TUN,Tunisia,1994,NE.IMP.GNFS.ZS,Imports,Trade,% of GDP,47.8721,World Bank WDI
TUN,Tunisia,1995,NE.IMP.GNFS.ZS,Imports,Trade,% of GDP,48.8101,World Bank WDI
TUN,Tunisia,1996,NE.IMP.GNFS.ZS,Imports,Trade,% of GDP,43.611,World Bank WDI
TUN,Tunisia,1997,NE.IMP.GNFS.ZS,Imports,Trade,% of GDP,41.3866,World Bank WDI
TUN,Tunisia,1998,NE.IMP.GNFS.ZS,Imports,Trade,% of GDP,41.4597,World Bank WDI
TUN,Tunisia,1999,NE.IMP.GNFS.ZS,Imports,Trade,% of GDP,39.9261,World Bank WDI
TUN,Tunisia,2000,NE.IMP.GNFS.ZS,Imports,Trade,% of GDP,42.9091,World Bank WDI
TUN,Tunisia,2001,NE.IMP.GNFS.ZS,Imports,Trade,% of GDP,46.7354,World Bank WDI
TUN,Tunisia,2002,NE.IMP.GNFS.ZS,Imports,Trade,% of GDP,44.5573,World Bank WDI
TUN,Tunisia,2003,NE.IMP.GNFS.ZS,Imports,Trade,% of GDP,42.9068,World Bank WDI
TUN,Tunisia,2004,NE.IMP.GNFS.ZS,Imports,Trade,% of GDP,44.7273,World Bank WDI
TUN,Tunisia,2005,NE.IMP.GNFS.ZS,Imports,Trade,% of GDP,45.319,World Bank WDI
TUN,Tunisia,2006,NE.IMP.GNFS.ZS,Imports,Trade,% of GDP,47.9124,World Bank WDI
TUN,Tunisia,2007,NE.IMP.GNFS.ZS,Imports,Trade,% of GDP,52.9812,World Bank WDI
TUN,Tunisia,2008,NE.IMP.GNFS.ZS,Imports,Trade,% of GDP,58.6908,World Bank WDI
TUN,Tunisia,2009,NE.IMP.GNFS.ZS,Imports,Trade,% of GDP,47.9771,World Bank WDI
TUN,Tunisia,2010,NE.IMP.GNFS.ZS,Imports,Trade,% of GDP,52.1913,World Bank WDI
TUN,Tunisia,2011,NE.IMP.GNFS.ZS,Imports,Trade,% of GDP,54.0517,World Bank WDI
TUN,Tunisia,2012,NE.IMP.GNFS.ZS,Imports,Trade,% of GDP,55.6379,World Bank WDI
TUN,Tunisia,2013,NE.IMP.GNFS.ZS,Imports,Trade,% of GDP,54.0653,World Bank WDI
TUN,Tunisia,2014,NE.IMP.GNFS.ZS,Imports,Trade,% of GDP,53.1596,World Bank WDI
TUN,Tunisia,2015,NE.IMP.GNFS.ZS,Imports,Trade,% of GDP,48.8487,World Bank WDI
TUN,Tunisia,2016,NE.IMP.GNFS.ZS,Imports,Trade,% of GDP,48.7974,World Bank WDI
TUN,Tunisia,2017,NE.IMP.GNFS.ZS,Imports,Trade,% of GDP,54.0884,World Bank WDI
TUN,Tunisia,2018,NE.IMP.GNFS.ZS,Imports,Trade,% of GDP,58.3861,World Bank WDI
TUN,Tunisia,2019,NE.IMP.GNFS.ZS,Imports,Trade,% of GDP,56.3823,World Bank WDI
TUN,Tunisia,2020,NE.IMP.GNFS.ZS,Imports,Trade,% of GDP,46.3415,World Bank WDI
TUN,Tunisia,2021,NE.IMP.GNFS.ZS,Imports,Trade,% of GDP,51.8532,World Bank WDI
TUN,Tunisia,2022,NE.IMP.GNFS.ZS,Imports,Trade,% of GDP,64.7699,World Bank WDI
TUN,Tunisia,2023,NE.IMP.GNFS.ZS,Imports,Trade,% of GDP,59.0895,World Bank WDI
TUN,Tunisia,2024,NE.IMP.GNFS.ZS,Imports,Trade,% of GDP,56.2969,World Bank WDI
TUN,Tunisia,2025,NE.IMP.GNFS.ZS,Imports,Trade,% of GDP,54.7945,World Bank WDI
TUR,Turkiye,1990,NE.IMP.GNFS.ZS,Imports,Trade,% of GDP,17.5779,World Bank WDI
TUR,Turkiye,1991,NE.IMP.GNFS.ZS,Imports,Trade,% of GDP,16.6349,World Bank WDI
TUR,Turkiye,1992,NE.IMP.GNFS.ZS,Imports,Trade,% of GDP,17.3451,World Bank WDI
TUR,Turkiye,1993,NE.IMP.GNFS.ZS,Imports,Trade,% of GDP,19.3433,World Bank WDI
TUR,Turkiye,1994,NE.IMP.GNFS.ZS,Imports,Trade,% of GDP,20.3837,World Bank WDI
TUR,Turkiye,1995,NE.IMP.GNFS.ZS,Imports,Trade,% of GDP,17.6686,World Bank WDI
TUR,Turkiye,1996,NE.IMP.GNFS.ZS,Imports,Trade,% of GDP,20.0896,World Bank WDI
TUR,Turkiye,1997,NE.IMP.GNFS.ZS,Imports,Trade,% of GDP,21.322,World Bank WDI
TUR,Turkiye,1998,NE.IMP.GNFS.ZS,Imports,Trade,% of GDP,19.7225,World Bank WDI
TUR,Turkiye,1999,NE.IMP.GNFS.ZS,Imports,Trade,% of GDP,18.8357,World Bank WDI
TUR,Turkiye,2000,NE.IMP.GNFS.ZS,Imports,Trade,% of GDP,22.4413,World Bank WDI
TUR,Turkiye,2001,NE.IMP.GNFS.ZS,Imports,Trade,% of GDP,22.6477,World Bank WDI
TUR,Turkiye,2002,NE.IMP.GNFS.ZS,Imports,Trade,% of GDP,22.8375,World Bank WDI
TUR,Turkiye,2003,NE.IMP.GNFS.ZS,Imports,Trade,% of GDP,23.1735,World Bank WDI
TUR,Turkiye,2004,NE.IMP.GNFS.ZS,Imports,Trade,% of GDP,25.139,World Bank WDI
TUR,Turkiye,2005,NE.IMP.GNFS.ZS,Imports,Trade,% of GDP,24.19,World Bank WDI
TUR,Turkiye,2006,NE.IMP.GNFS.ZS,Imports,Trade,% of GDP,26.27,World Bank WDI
TUR,Turkiye,2007,NE.IMP.GNFS.ZS,Imports,Trade,% of GDP,25.8399,World Bank WDI
TUR,Turkiye,2008,NE.IMP.GNFS.ZS,Imports,Trade,% of GDP,26.8399,World Bank WDI
TUR,Turkiye,2009,NE.IMP.GNFS.ZS,Imports,Trade,% of GDP,23.2813,World Bank WDI
TUR,Turkiye,2010,NE.IMP.GNFS.ZS,Imports,Trade,% of GDP,25.3534,World Bank WDI
TUR,Turkiye,2011,NE.IMP.GNFS.ZS,Imports,Trade,% of GDP,30.1612,World Bank WDI
TUR,Turkiye,2012,NE.IMP.GNFS.ZS,Imports,Trade,% of GDP,28.3619,World Bank WDI
TUR,Turkiye,2013,NE.IMP.GNFS.ZS,Imports,Trade,% of GDP,28.6651,World Bank WDI
TUR,Turkiye,2014,NE.IMP.GNFS.ZS,Imports,Trade,% of GDP,28.4894,World Bank WDI
TUR,Turkiye,2015,NE.IMP.GNFS.ZS,Imports,Trade,% of GDP,26.5941,World Bank WDI
TUR,Turkiye,2016,NE.IMP.GNFS.ZS,Imports,Trade,% of GDP,25.238,World Bank WDI
TUR,Turkiye,2017,NE.IMP.GNFS.ZS,Imports,Trade,% of GDP,29.5962,World Bank WDI
TUR,Turkiye,2018,NE.IMP.GNFS.ZS,Imports,Trade,% of GDP,31.0973,World Bank WDI
TUR,Turkiye,2019,NE.IMP.GNFS.ZS,Imports,Trade,% of GDP,29.5486,World Bank WDI
TUR,Turkiye,2020,NE.IMP.GNFS.ZS,Imports,Trade,% of GDP,31.6498,World Bank WDI
TUR,Turkiye,2021,NE.IMP.GNFS.ZS,Imports,Trade,% of GDP,34.5553,World Bank WDI
TUR,Turkiye,2022,NE.IMP.GNFS.ZS,Imports,Trade,% of GDP,41.7571,World Bank WDI
TUR,Turkiye,2023,NE.IMP.GNFS.ZS,Imports,Trade,% of GDP,33.7696,World Bank WDI
TUR,Turkiye,2024,NE.IMP.GNFS.ZS,Imports,Trade,% of GDP,27.0306,World Bank WDI
TUR,Turkiye,2025,NE.IMP.GNFS.ZS,Imports,Trade,% of GDP,25.0849,World Bank WDI
DZA,Algeria,1990,NE.TRD.GNFS.ZS,Trade openness,Trade,% of GDP,48.3807,World Bank WDI
DZA,Algeria,1991,NE.TRD.GNFS.ZS,Trade openness,Trade,% of GDP,52.7176,World Bank WDI
DZA,Algeria,1992,NE.TRD.GNFS.ZS,Trade openness,Trade,% of GDP,49.1891,World Bank WDI
DZA,Algeria,1993,NE.TRD.GNFS.ZS,Trade openness,Trade,% of GDP,44.9228,World Bank WDI
DZA,Algeria,1994,NE.TRD.GNFS.ZS,Trade openness,Trade,% of GDP,48.5844,World Bank WDI
DZA,Algeria,1995,NE.TRD.GNFS.ZS,Trade openness,Trade,% of GDP,55.191,World Bank WDI
DZA,Algeria,1996,NE.TRD.GNFS.ZS,Trade openness,Trade,% of GDP,53.7051,World Bank WDI
DZA,Algeria,1997,NE.TRD.GNFS.ZS,Trade openness,Trade,% of GDP,52.2439,World Bank WDI
DZA,Algeria,1998,NE.TRD.GNFS.ZS,Trade openness,Trade,% of GDP,45.0945,World Bank WDI
DZA,Algeria,1999,NE.TRD.GNFS.ZS,Trade openness,Trade,% of GDP,50.9291,World Bank WDI
DZA,Algeria,2000,NE.TRD.GNFS.ZS,Trade openness,Trade,% of GDP,62.8583,World Bank WDI
DZA,Algeria,2001,NE.TRD.GNFS.ZS,Trade openness,Trade,% of GDP,54.5296,World Bank WDI
DZA,Algeria,2002,NE.TRD.GNFS.ZS,Trade openness,Trade,% of GDP,56.5896,World Bank WDI
DZA,Algeria,2003,NE.TRD.GNFS.ZS,Trade openness,Trade,% of GDP,57.7691,World Bank WDI
DZA,Algeria,2004,NE.TRD.GNFS.ZS,Trade openness,Trade,% of GDP,61.358,World Bank WDI
DZA,Algeria,2005,NE.TRD.GNFS.ZS,Trade openness,Trade,% of GDP,66.8405,World Bank WDI
DZA,Algeria,2006,NE.TRD.GNFS.ZS,Trade openness,Trade,% of GDP,65.9153,World Bank WDI
DZA,Algeria,2007,NE.TRD.GNFS.ZS,Trade openness,Trade,% of GDP,67.5455,World Bank WDI
DZA,Algeria,2008,NE.TRD.GNFS.ZS,Trade openness,Trade,% of GDP,71.0285,World Bank WDI
DZA,Algeria,2009,NE.TRD.GNFS.ZS,Trade openness,Trade,% of GDP,64.2848,World Bank WDI
DZA,Algeria,2010,NE.TRD.GNFS.ZS,Trade openness,Trade,% of GDP,63.4912,World Bank WDI
DZA,Algeria,2011,NE.TRD.GNFS.ZS,Trade openness,Trade,% of GDP,62.2201,World Bank WDI
DZA,Algeria,2012,NE.TRD.GNFS.ZS,Trade openness,Trade,% of GDP,60.7576,World Bank WDI
DZA,Algeria,2013,NE.TRD.GNFS.ZS,Trade openness,Trade,% of GDP,59.151,World Bank WDI
DZA,Algeria,2014,NE.TRD.GNFS.ZS,Trade openness,Trade,% of GDP,56.9235,World Bank WDI
DZA,Algeria,2015,NE.TRD.GNFS.ZS,Trade openness,Trade,% of GDP,53.2046,World Bank WDI
DZA,Algeria,2016,NE.TRD.GNFS.ZS,Trade openness,Trade,% of GDP,49.7609,World Bank WDI
DZA,Algeria,2017,NE.TRD.GNFS.ZS,Trade openness,Trade,% of GDP,49.8208,World Bank WDI
DZA,Algeria,2018,NE.TRD.GNFS.ZS,Trade openness,Trade,% of GDP,52.4362,World Bank WDI
DZA,Algeria,2019,NE.TRD.GNFS.ZS,Trade openness,Trade,% of GDP,46.5068,World Bank WDI
DZA,Algeria,2020,NE.TRD.GNFS.ZS,Trade openness,Trade,% of GDP,40.3898,World Bank WDI
DZA,Algeria,2021,NE.TRD.GNFS.ZS,Trade openness,Trade,% of GDP,46.8371,World Bank WDI
DZA,Algeria,2022,NE.TRD.GNFS.ZS,Trade openness,Trade,% of GDP,51.1901,World Bank WDI
DZA,Algeria,2023,NE.TRD.GNFS.ZS,Trade openness,Trade,% of GDP,43.7398,World Bank WDI
DZA,Algeria,2024,NE.TRD.GNFS.ZS,Trade openness,Trade,% of GDP,40.1346,World Bank WDI
DZA,Algeria,2025,NE.TRD.GNFS.ZS,Trade openness,Trade,% of GDP,38.9789,World Bank WDI
EGY,"Egypt, Arab Rep.",1990,NE.TRD.GNFS.ZS,Trade openness,Trade,% of GDP,52.9228,World Bank WDI
EGY,"Egypt, Arab Rep.",1991,NE.TRD.GNFS.ZS,Trade openness,Trade,% of GDP,62.8444,World Bank WDI
EGY,"Egypt, Arab Rep.",1992,NE.TRD.GNFS.ZS,Trade openness,Trade,% of GDP,59.3098,World Bank WDI
EGY,"Egypt, Arab Rep.",1993,NE.TRD.GNFS.ZS,Trade openness,Trade,% of GDP,55.9278,World Bank WDI
EGY,"Egypt, Arab Rep.",1994,NE.TRD.GNFS.ZS,Trade openness,Trade,% of GDP,50.6286,World Bank WDI
EGY,"Egypt, Arab Rep.",1995,NE.TRD.GNFS.ZS,Trade openness,Trade,% of GDP,50.2451,World Bank WDI
EGY,"Egypt, Arab Rep.",1996,NE.TRD.GNFS.ZS,Trade openness,Trade,% of GDP,46.9486,World Bank WDI
EGY,"Egypt, Arab Rep.",1997,NE.TRD.GNFS.ZS,Trade openness,Trade,% of GDP,43.7382,World Bank WDI
EGY,"Egypt, Arab Rep.",1998,NE.TRD.GNFS.ZS,Trade openness,Trade,% of GDP,41.9276,World Bank WDI
EGY,"Egypt, Arab Rep.",1999,NE.TRD.GNFS.ZS,Trade openness,Trade,% of GDP,38.3615,World Bank WDI
EGY,"Egypt, Arab Rep.",2000,NE.TRD.GNFS.ZS,Trade openness,Trade,% of GDP,39.0179,World Bank WDI
EGY,"Egypt, Arab Rep.",2001,NE.TRD.GNFS.ZS,Trade openness,Trade,% of GDP,39.8104,World Bank WDI
EGY,"Egypt, Arab Rep.",2002,NE.TRD.GNFS.ZS,Trade openness,Trade,% of GDP,40.9871,World Bank WDI
EGY,"Egypt, Arab Rep.",2003,NE.TRD.GNFS.ZS,Trade openness,Trade,% of GDP,46.1796,World Bank WDI
EGY,"Egypt, Arab Rep.",2004,NE.TRD.GNFS.ZS,Trade openness,Trade,% of GDP,57.8199,World Bank WDI
EGY,"Egypt, Arab Rep.",2005,NE.TRD.GNFS.ZS,Trade openness,Trade,% of GDP,62.9526,World Bank WDI
EGY,"Egypt, Arab Rep.",2006,NE.TRD.GNFS.ZS,Trade openness,Trade,% of GDP,61.5185,World Bank WDI
EGY,"Egypt, Arab Rep.",2007,NE.TRD.GNFS.ZS,Trade openness,Trade,% of GDP,65.0779,World Bank WDI
EGY,"Egypt, Arab Rep.",2008,NE.TRD.GNFS.ZS,Trade openness,Trade,% of GDP,71.6806,World Bank WDI
EGY,"Egypt, Arab Rep.",2009,NE.TRD.GNFS.ZS,Trade openness,Trade,% of GDP,56.5534,World Bank WDI
EGY,"Egypt, Arab Rep.",2010,NE.TRD.GNFS.ZS,Trade openness,Trade,% of GDP,47.9364,World Bank WDI
EGY,"Egypt, Arab Rep.",2011,NE.TRD.GNFS.ZS,Trade openness,Trade,% of GDP,45.2556,World Bank WDI
EGY,"Egypt, Arab Rep.",2012,NE.TRD.GNFS.ZS,Trade openness,Trade,% of GDP,40.7118,World Bank WDI
EGY,"Egypt, Arab Rep.",2013,NE.TRD.GNFS.ZS,Trade openness,Trade,% of GDP,40.373,World Bank WDI
EGY,"Egypt, Arab Rep.",2014,NE.TRD.GNFS.ZS,Trade openness,Trade,% of GDP,36.9202,World Bank WDI
EGY,"Egypt, Arab Rep.",2015,NE.TRD.GNFS.ZS,Trade openness,Trade,% of GDP,34.8459,World Bank WDI
EGY,"Egypt, Arab Rep.",2016,NE.TRD.GNFS.ZS,Trade openness,Trade,% of GDP,30.2465,World Bank WDI
EGY,"Egypt, Arab Rep.",2017,NE.TRD.GNFS.ZS,Trade openness,Trade,% of GDP,42.8321,World Bank WDI
EGY,"Egypt, Arab Rep.",2018,NE.TRD.GNFS.ZS,Trade openness,Trade,% of GDP,45.911,World Bank WDI
EGY,"Egypt, Arab Rep.",2019,NE.TRD.GNFS.ZS,Trade openness,Trade,% of GDP,41.124,World Bank WDI
EGY,"Egypt, Arab Rep.",2020,NE.TRD.GNFS.ZS,Trade openness,Trade,% of GDP,32.1263,World Bank WDI
EGY,"Egypt, Arab Rep.",2021,NE.TRD.GNFS.ZS,Trade openness,Trade,% of GDP,29.857,World Bank WDI
EGY,"Egypt, Arab Rep.",2022,NE.TRD.GNFS.ZS,Trade openness,Trade,% of GDP,36.9831,World Bank WDI
EGY,"Egypt, Arab Rep.",2023,NE.TRD.GNFS.ZS,Trade openness,Trade,% of GDP,40.4504,World Bank WDI
EGY,"Egypt, Arab Rep.",2024,NE.TRD.GNFS.ZS,Trade openness,Trade,% of GDP,39.6008,World Bank WDI
EGY,"Egypt, Arab Rep.",2025,NE.TRD.GNFS.ZS,Trade openness,Trade,% of GDP,51.3343,World Bank WDI
JOR,Jordan,1990,NE.TRD.GNFS.ZS,Trade openness,Trade,% of GDP,149.4477,World Bank WDI
JOR,Jordan,1991,NE.TRD.GNFS.ZS,Trade openness,Trade,% of GDP,137.2617,World Bank WDI
JOR,Jordan,1992,NE.TRD.GNFS.ZS,Trade openness,Trade,% of GDP,131.6447,World Bank WDI
JOR,Jordan,1993,NE.TRD.GNFS.ZS,Trade openness,Trade,% of GDP,130.4852,World Bank WDI
JOR,Jordan,1994,NE.TRD.GNFS.ZS,Trade openness,Trade,% of GDP,118.3362,World Bank WDI
JOR,Jordan,1995,NE.TRD.GNFS.ZS,Trade openness,Trade,% of GDP,124.5827,World Bank WDI
JOR,Jordan,1996,NE.TRD.GNFS.ZS,Trade openness,Trade,% of GDP,131.0591,World Bank WDI
JOR,Jordan,1997,NE.TRD.GNFS.ZS,Trade openness,Trade,% of GDP,120.7371,World Bank WDI
JOR,Jordan,1998,NE.TRD.GNFS.ZS,Trade openness,Trade,% of GDP,109.0524,World Bank WDI
JOR,Jordan,1999,NE.TRD.GNFS.ZS,Trade openness,Trade,% of GDP,104.4704,World Bank WDI
JOR,Jordan,2000,NE.TRD.GNFS.ZS,Trade openness,Trade,% of GDP,110.3289,World Bank WDI
JOR,Jordan,2001,NE.TRD.GNFS.ZS,Trade openness,Trade,% of GDP,109.2855,World Bank WDI
JOR,Jordan,2002,NE.TRD.GNFS.ZS,Trade openness,Trade,% of GDP,114.0389,World Bank WDI
JOR,Jordan,2003,NE.TRD.GNFS.ZS,Trade openness,Trade,% of GDP,115.7068,World Bank WDI
JOR,Jordan,2004,NE.TRD.GNFS.ZS,Trade openness,Trade,% of GDP,134.6216,World Bank WDI
JOR,Jordan,2005,NE.TRD.GNFS.ZS,Trade openness,Trade,% of GDP,146.9089,World Bank WDI
JOR,Jordan,2006,NE.TRD.GNFS.ZS,Trade openness,Trade,% of GDP,141.7474,World Bank WDI
JOR,Jordan,2007,NE.TRD.GNFS.ZS,Trade openness,Trade,% of GDP,145.9942,World Bank WDI
MAR,Morocco,1990,NE.TRD.GNFS.ZS,Trade openness,Trade,% of GDP,54.6267,World Bank WDI
MAR,Morocco,1991,NE.TRD.GNFS.ZS,Trade openness,Trade,% of GDP,49.7793,World Bank WDI
MAR,Morocco,1992,NE.TRD.GNFS.ZS,Trade openness,Trade,% of GDP,50.2633,World Bank WDI
MAR,Morocco,1993,NE.TRD.GNFS.ZS,Trade openness,Trade,% of GDP,49.6685,World Bank WDI
MAR,Morocco,1994,NE.TRD.GNFS.ZS,Trade openness,Trade,% of GDP,47.3136,World Bank WDI
MAR,Morocco,1995,NE.TRD.GNFS.ZS,Trade openness,Trade,% of GDP,51.715,World Bank WDI
MAR,Morocco,1996,NE.TRD.GNFS.ZS,Trade openness,Trade,% of GDP,47.0955,World Bank WDI
MAR,Morocco,1997,NE.TRD.GNFS.ZS,Trade openness,Trade,% of GDP,51.1502,World Bank WDI
MAR,Morocco,1998,NE.TRD.GNFS.ZS,Trade openness,Trade,% of GDP,45.6724,World Bank WDI
MAR,Morocco,1999,NE.TRD.GNFS.ZS,Trade openness,Trade,% of GDP,48.5789,World Bank WDI
MAR,Morocco,2000,NE.TRD.GNFS.ZS,Trade openness,Trade,% of GDP,53.4403,World Bank WDI
MAR,Morocco,2001,NE.TRD.GNFS.ZS,Trade openness,Trade,% of GDP,53.4916,World Bank WDI
MAR,Morocco,2002,NE.TRD.GNFS.ZS,Trade openness,Trade,% of GDP,54.3101,World Bank WDI
MAR,Morocco,2003,NE.TRD.GNFS.ZS,Trade openness,Trade,% of GDP,52.3319,World Bank WDI
MAR,Morocco,2004,NE.TRD.GNFS.ZS,Trade openness,Trade,% of GDP,55.5516,World Bank WDI
MAR,Morocco,2005,NE.TRD.GNFS.ZS,Trade openness,Trade,% of GDP,61.4938,World Bank WDI
MAR,Morocco,2006,NE.TRD.GNFS.ZS,Trade openness,Trade,% of GDP,64.6722,World Bank WDI
MAR,Morocco,2007,NE.TRD.GNFS.ZS,Trade openness,Trade,% of GDP,71.3496,World Bank WDI
MAR,Morocco,2008,NE.TRD.GNFS.ZS,Trade openness,Trade,% of GDP,77.8345,World Bank WDI
MAR,Morocco,2009,NE.TRD.GNFS.ZS,Trade openness,Trade,% of GDP,62.371,World Bank WDI
MAR,Morocco,2010,NE.TRD.GNFS.ZS,Trade openness,Trade,% of GDP,69.542,World Bank WDI
MAR,Morocco,2011,NE.TRD.GNFS.ZS,Trade openness,Trade,% of GDP,76.8259,World Bank WDI
MAR,Morocco,2012,NE.TRD.GNFS.ZS,Trade openness,Trade,% of GDP,78.2221,World Bank WDI
MAR,Morocco,2013,NE.TRD.GNFS.ZS,Trade openness,Trade,% of GDP,73.8578,World Bank WDI
MAR,Morocco,2014,NE.TRD.GNFS.ZS,Trade openness,Trade,% of GDP,71.8936,World Bank WDI
MAR,Morocco,2015,NE.TRD.GNFS.ZS,Trade openness,Trade,% of GDP,67.2887,World Bank WDI
MAR,Morocco,2016,NE.TRD.GNFS.ZS,Trade openness,Trade,% of GDP,71.1227,World Bank WDI
MAR,Morocco,2017,NE.TRD.GNFS.ZS,Trade openness,Trade,% of GDP,74.1734,World Bank WDI
MAR,Morocco,2018,NE.TRD.GNFS.ZS,Trade openness,Trade,% of GDP,77.2549,World Bank WDI
MAR,Morocco,2019,NE.TRD.GNFS.ZS,Trade openness,Trade,% of GDP,75.9981,World Bank WDI
MAR,Morocco,2020,NE.TRD.GNFS.ZS,Trade openness,Trade,% of GDP,68.8438,World Bank WDI
MAR,Morocco,2021,NE.TRD.GNFS.ZS,Trade openness,Trade,% of GDP,75.5234,World Bank WDI
MAR,Morocco,2022,NE.TRD.GNFS.ZS,Trade openness,Trade,% of GDP,100.9063,World Bank WDI
MAR,Morocco,2023,NE.TRD.GNFS.ZS,Trade openness,Trade,% of GDP,93.1179,World Bank WDI
MAR,Morocco,2024,NE.TRD.GNFS.ZS,Trade openness,Trade,% of GDP,92.1872,World Bank WDI
MAR,Morocco,2025,NE.TRD.GNFS.ZS,Trade openness,Trade,% of GDP,93.1017,World Bank WDI
TUN,Tunisia,1990,NE.TRD.GNFS.ZS,Trade openness,Trade,% of GDP,94.1613,World Bank WDI
TUN,Tunisia,1991,NE.TRD.GNFS.ZS,Trade openness,Trade,% of GDP,85.686,World Bank WDI
TUN,Tunisia,1992,NE.TRD.GNFS.ZS,Trade openness,Trade,% of GDP,86.0001,World Bank WDI
TUN,Tunisia,1993,NE.TRD.GNFS.ZS,Trade openness,Trade,% of GDP,88.411,World Bank WDI
TUN,Tunisia,1994,NE.TRD.GNFS.ZS,Trade openness,Trade,% of GDP,92.8044,World Bank WDI
TUN,Tunisia,1995,NE.TRD.GNFS.ZS,Trade openness,Trade,% of GDP,93.7144,World Bank WDI
TUN,Tunisia,1996,NE.TRD.GNFS.ZS,Trade openness,Trade,% of GDP,85.7204,World Bank WDI
TUN,Tunisia,1997,NE.TRD.GNFS.ZS,Trade openness,Trade,% of GDP,80.5007,World Bank WDI
TUN,Tunisia,1998,NE.TRD.GNFS.ZS,Trade openness,Trade,% of GDP,79.9795,World Bank WDI
TUN,Tunisia,1999,NE.TRD.GNFS.ZS,Trade openness,Trade,% of GDP,77.9051,World Bank WDI
TUN,Tunisia,2000,NE.TRD.GNFS.ZS,Trade openness,Trade,% of GDP,82.6391,World Bank WDI
TUN,Tunisia,2001,NE.TRD.GNFS.ZS,Trade openness,Trade,% of GDP,89.5522,World Bank WDI
TUN,Tunisia,2002,NE.TRD.GNFS.ZS,Trade openness,Trade,% of GDP,85.3422,World Bank WDI
TUN,Tunisia,2003,NE.TRD.GNFS.ZS,Trade openness,Trade,% of GDP,82.3903,World Bank WDI
TUN,Tunisia,2004,NE.TRD.GNFS.ZS,Trade openness,Trade,% of GDP,86.9253,World Bank WDI
TUN,Tunisia,2005,NE.TRD.GNFS.ZS,Trade openness,Trade,% of GDP,90.2512,World Bank WDI
TUN,Tunisia,2006,NE.TRD.GNFS.ZS,Trade openness,Trade,% of GDP,93.9409,World Bank WDI
TUN,Tunisia,2007,NE.TRD.GNFS.ZS,Trade openness,Trade,% of GDP,104.0594,World Bank WDI
TUN,Tunisia,2008,NE.TRD.GNFS.ZS,Trade openness,Trade,% of GDP,114.3437,World Bank WDI
TUN,Tunisia,2009,NE.TRD.GNFS.ZS,Trade openness,Trade,% of GDP,93.0169,World Bank WDI
TUN,Tunisia,2010,NE.TRD.GNFS.ZS,Trade openness,Trade,% of GDP,100.151,World Bank WDI
TUN,Tunisia,2011,NE.TRD.GNFS.ZS,Trade openness,Trade,% of GDP,100.1064,World Bank WDI
TUN,Tunisia,2012,NE.TRD.GNFS.ZS,Trade openness,Trade,% of GDP,101.5507,World Bank WDI
TUN,Tunisia,2013,NE.TRD.GNFS.ZS,Trade openness,Trade,% of GDP,98.955,World Bank WDI
TUN,Tunisia,2014,NE.TRD.GNFS.ZS,Trade openness,Trade,% of GDP,96.1071,World Bank WDI
TUN,Tunisia,2015,NE.TRD.GNFS.ZS,Trade openness,Trade,% of GDP,87.2485,World Bank WDI
TUN,Tunisia,2016,NE.TRD.GNFS.ZS,Trade openness,Trade,% of GDP,87.0927,World Bank WDI
TUN,Tunisia,2017,NE.TRD.GNFS.ZS,Trade openness,Trade,% of GDP,95.8092,World Bank WDI
TUN,Tunisia,2018,NE.TRD.GNFS.ZS,Trade openness,Trade,% of GDP,103.8718,World Bank WDI
TUN,Tunisia,2019,NE.TRD.GNFS.ZS,Trade openness,Trade,% of GDP,102.3326,World Bank WDI
TUN,Tunisia,2020,NE.TRD.GNFS.ZS,Trade openness,Trade,% of GDP,84.3333,World Bank WDI
TUN,Tunisia,2021,NE.TRD.GNFS.ZS,Trade openness,Trade,% of GDP,93.6334,World Bank WDI
TUN,Tunisia,2022,NE.TRD.GNFS.ZS,Trade openness,Trade,% of GDP,116.0958,World Bank WDI
TUN,Tunisia,2023,NE.TRD.GNFS.ZS,Trade openness,Trade,% of GDP,112.1289,World Bank WDI
TUN,Tunisia,2024,NE.TRD.GNFS.ZS,Trade openness,Trade,% of GDP,106.2985,World Bank WDI
TUN,Tunisia,2025,NE.TRD.GNFS.ZS,Trade openness,Trade,% of GDP,101.4462,World Bank WDI
TUR,Turkiye,1990,NE.TRD.GNFS.ZS,Trade openness,Trade,% of GDP,30.943,World Bank WDI
TUR,Turkiye,1991,NE.TRD.GNFS.ZS,Trade openness,Trade,% of GDP,30.476,World Bank WDI
TUR,Turkiye,1992,NE.TRD.GNFS.ZS,Trade openness,Trade,% of GDP,31.7374,World Bank WDI
TUR,Turkiye,1993,NE.TRD.GNFS.ZS,Trade openness,Trade,% of GDP,33.0171,World Bank WDI
TUR,Turkiye,1994,NE.TRD.GNFS.ZS,Trade openness,Trade,% of GDP,41.7459,World Bank WDI
TUR,Turkiye,1995,NE.TRD.GNFS.ZS,Trade openness,Trade,% of GDP,35.9925,World Bank WDI
TUR,Turkiye,1996,NE.TRD.GNFS.ZS,Trade openness,Trade,% of GDP,39.6477,World Bank WDI
TUR,Turkiye,1997,NE.TRD.GNFS.ZS,Trade openness,Trade,% of GDP,42.7611,World Bank WDI
TUR,Turkiye,1998,NE.TRD.GNFS.ZS,Trade openness,Trade,% of GDP,40.377,World Bank WDI
TUR,Turkiye,1999,NE.TRD.GNFS.ZS,Trade openness,Trade,% of GDP,37.6665,World Bank WDI
TUR,Turkiye,2000,NE.TRD.GNFS.ZS,Trade openness,Trade,% of GDP,42.3747,World Bank WDI
TUR,Turkiye,2001,NE.TRD.GNFS.ZS,Trade openness,Trade,% of GDP,49.9448,World Bank WDI
TUR,Turkiye,2002,NE.TRD.GNFS.ZS,Trade openness,Trade,% of GDP,48.1026,World Bank WDI
TUR,Turkiye,2003,NE.TRD.GNFS.ZS,Trade openness,Trade,% of GDP,46.3682,World Bank WDI
TUR,Turkiye,2004,NE.TRD.GNFS.ZS,Trade openness,Trade,% of GDP,48.9935,World Bank WDI
TUR,Turkiye,2005,NE.TRD.GNFS.ZS,Trade openness,Trade,% of GDP,46.3088,World Bank WDI
TUR,Turkiye,2006,NE.TRD.GNFS.ZS,Trade openness,Trade,% of GDP,48.9457,World Bank WDI
TUR,Turkiye,2007,NE.TRD.GNFS.ZS,Trade openness,Trade,% of GDP,48.0275,World Bank WDI
TUR,Turkiye,2008,NE.TRD.GNFS.ZS,Trade openness,Trade,% of GDP,50.7613,World Bank WDI
TUR,Turkiye,2009,NE.TRD.GNFS.ZS,Trade openness,Trade,% of GDP,47.0391,World Bank WDI
TUR,Turkiye,2010,NE.TRD.GNFS.ZS,Trade openness,Trade,% of GDP,46.9433,World Bank WDI
TUR,Turkiye,2011,NE.TRD.GNFS.ZS,Trade openness,Trade,% of GDP,53.6516,World Bank WDI
TUR,Turkiye,2012,NE.TRD.GNFS.ZS,Trade openness,Trade,% of GDP,53.3278,World Bank WDI
TUR,Turkiye,2013,NE.TRD.GNFS.ZS,Trade openness,Trade,% of GDP,53.0684,World Bank WDI
TUR,Turkiye,2014,NE.TRD.GNFS.ZS,Trade openness,Trade,% of GDP,54.3068,World Bank WDI
TUR,Turkiye,2015,NE.TRD.GNFS.ZS,Trade openness,Trade,% of GDP,51.8749,World Bank WDI
TUR,Turkiye,2016,NE.TRD.GNFS.ZS,Trade openness,Trade,% of GDP,48.8702,World Bank WDI
TUR,Turkiye,2017,NE.TRD.GNFS.ZS,Trade openness,Trade,% of GDP,56.1357,World Bank WDI
TUR,Turkiye,2018,NE.TRD.GNFS.ZS,Trade openness,Trade,% of GDP,62.8251,World Bank WDI
TUR,Turkiye,2019,NE.TRD.GNFS.ZS,Trade openness,Trade,% of GDP,62.5785,World Bank WDI
TUR,Turkiye,2020,NE.TRD.GNFS.ZS,Trade openness,Trade,% of GDP,60.3899,World Bank WDI
TUR,Turkiye,2021,NE.TRD.GNFS.ZS,Trade openness,Trade,% of GDP,69.6089,World Bank WDI
TUR,Turkiye,2022,NE.TRD.GNFS.ZS,Trade openness,Trade,% of GDP,79.8983,World Bank WDI
TUR,Turkiye,2023,NE.TRD.GNFS.ZS,Trade openness,Trade,% of GDP,65.6832,World Bank WDI
TUR,Turkiye,2024,NE.TRD.GNFS.ZS,Trade openness,Trade,% of GDP,54.5988,World Bank WDI
TUR,Turkiye,2025,NE.TRD.GNFS.ZS,Trade openness,Trade,% of GDP,49.9347,World Bank WDI
DZA,Algeria,1990,NY.GDP.MKTP.KD.ZG,GDP growth,Growth,%,0.8,World Bank WDI
DZA,Algeria,1991,NY.GDP.MKTP.KD.ZG,GDP growth,Growth,%,-1.2,World Bank WDI
DZA,Algeria,1992,NY.GDP.MKTP.KD.ZG,GDP growth,Growth,%,1.8,World Bank WDI
DZA,Algeria,1993,NY.GDP.MKTP.KD.ZG,GDP growth,Growth,%,-2.1,World Bank WDI
DZA,Algeria,1994,NY.GDP.MKTP.KD.ZG,GDP growth,Growth,%,-0.9,World Bank WDI
DZA,Algeria,1995,NY.GDP.MKTP.KD.ZG,GDP growth,Growth,%,3.8,World Bank WDI
DZA,Algeria,1996,NY.GDP.MKTP.KD.ZG,GDP growth,Growth,%,4.1,World Bank WDI
DZA,Algeria,1997,NY.GDP.MKTP.KD.ZG,GDP growth,Growth,%,1.1,World Bank WDI
DZA,Algeria,1998,NY.GDP.MKTP.KD.ZG,GDP growth,Growth,%,5.1,World Bank WDI
DZA,Algeria,1999,NY.GDP.MKTP.KD.ZG,GDP growth,Growth,%,3.2,World Bank WDI
DZA,Algeria,2000,NY.GDP.MKTP.KD.ZG,GDP growth,Growth,%,3.8,World Bank WDI
DZA,Algeria,2001,NY.GDP.MKTP.KD.ZG,GDP growth,Growth,%,3.0,World Bank WDI
DZA,Algeria,2002,NY.GDP.MKTP.KD.ZG,GDP growth,Growth,%,5.4,World Bank WDI
DZA,Algeria,2003,NY.GDP.MKTP.KD.ZG,GDP growth,Growth,%,6.5,World Bank WDI
DZA,Algeria,2004,NY.GDP.MKTP.KD.ZG,GDP growth,Growth,%,4.5,World Bank WDI
DZA,Algeria,2005,NY.GDP.MKTP.KD.ZG,GDP growth,Growth,%,5.4,World Bank WDI
DZA,Algeria,2006,NY.GDP.MKTP.KD.ZG,GDP growth,Growth,%,2.9,World Bank WDI
DZA,Algeria,2007,NY.GDP.MKTP.KD.ZG,GDP growth,Growth,%,3.1,World Bank WDI
DZA,Algeria,2008,NY.GDP.MKTP.KD.ZG,GDP growth,Growth,%,2.5,World Bank WDI
DZA,Algeria,2009,NY.GDP.MKTP.KD.ZG,GDP growth,Growth,%,1.2,World Bank WDI
DZA,Algeria,2010,NY.GDP.MKTP.KD.ZG,GDP growth,Growth,%,4.8,World Bank WDI
DZA,Algeria,2011,NY.GDP.MKTP.KD.ZG,GDP growth,Growth,%,3.0,World Bank WDI
DZA,Algeria,2012,NY.GDP.MKTP.KD.ZG,GDP growth,Growth,%,2.4,World Bank WDI
DZA,Algeria,2013,NY.GDP.MKTP.KD.ZG,GDP growth,Growth,%,2.6,World Bank WDI
DZA,Algeria,2014,NY.GDP.MKTP.KD.ZG,GDP growth,Growth,%,4.1,World Bank WDI
DZA,Algeria,2015,NY.GDP.MKTP.KD.ZG,GDP growth,Growth,%,3.2,World Bank WDI
DZA,Algeria,2016,NY.GDP.MKTP.KD.ZG,GDP growth,Growth,%,3.9,World Bank WDI
DZA,Algeria,2017,NY.GDP.MKTP.KD.ZG,GDP growth,Growth,%,1.5,World Bank WDI
DZA,Algeria,2018,NY.GDP.MKTP.KD.ZG,GDP growth,Growth,%,1.4,World Bank WDI
DZA,Algeria,2019,NY.GDP.MKTP.KD.ZG,GDP growth,Growth,%,0.9,World Bank WDI
DZA,Algeria,2020,NY.GDP.MKTP.KD.ZG,GDP growth,Growth,%,-5.0,World Bank WDI
DZA,Algeria,2021,NY.GDP.MKTP.KD.ZG,GDP growth,Growth,%,3.8,World Bank WDI
DZA,Algeria,2022,NY.GDP.MKTP.KD.ZG,GDP growth,Growth,%,3.6,World Bank WDI
DZA,Algeria,2023,NY.GDP.MKTP.KD.ZG,GDP growth,Growth,%,4.1,World Bank WDI
DZA,Algeria,2024,NY.GDP.MKTP.KD.ZG,GDP growth,Growth,%,3.7,World Bank WDI
DZA,Algeria,2025,NY.GDP.MKTP.KD.ZG,GDP growth,Growth,%,3.8155,World Bank WDI
EGY,"Egypt, Arab Rep.",1990,NY.GDP.MKTP.KD.ZG,GDP growth,Growth,%,5.667,World Bank WDI
EGY,"Egypt, Arab Rep.",1991,NY.GDP.MKTP.KD.ZG,GDP growth,Growth,%,1.1254,World Bank WDI
EGY,"Egypt, Arab Rep.",1992,NY.GDP.MKTP.KD.ZG,GDP growth,Growth,%,4.4729,World Bank WDI
EGY,"Egypt, Arab Rep.",1993,NY.GDP.MKTP.KD.ZG,GDP growth,Growth,%,2.9008,World Bank WDI
EGY,"Egypt, Arab Rep.",1994,NY.GDP.MKTP.KD.ZG,GDP growth,Growth,%,3.9732,World Bank WDI
EGY,"Egypt, Arab Rep.",1995,NY.GDP.MKTP.KD.ZG,GDP growth,Growth,%,4.6425,World Bank WDI
EGY,"Egypt, Arab Rep.",1996,NY.GDP.MKTP.KD.ZG,GDP growth,Growth,%,4.9887,World Bank WDI
EGY,"Egypt, Arab Rep.",1997,NY.GDP.MKTP.KD.ZG,GDP growth,Growth,%,5.4924,World Bank WDI
EGY,"Egypt, Arab Rep.",1998,NY.GDP.MKTP.KD.ZG,GDP growth,Growth,%,5.5755,World Bank WDI
EGY,"Egypt, Arab Rep.",1999,NY.GDP.MKTP.KD.ZG,GDP growth,Growth,%,6.0534,World Bank WDI
EGY,"Egypt, Arab Rep.",2000,NY.GDP.MKTP.KD.ZG,GDP growth,Growth,%,6.37,World Bank WDI
EGY,"Egypt, Arab Rep.",2001,NY.GDP.MKTP.KD.ZG,GDP growth,Growth,%,3.5353,World Bank WDI
EGY,"Egypt, Arab Rep.",2002,NY.GDP.MKTP.KD.ZG,GDP growth,Growth,%,2.3902,World Bank WDI
EGY,"Egypt, Arab Rep.",2003,NY.GDP.MKTP.KD.ZG,GDP growth,Growth,%,3.1935,World Bank WDI
EGY,"Egypt, Arab Rep.",2004,NY.GDP.MKTP.KD.ZG,GDP growth,Growth,%,4.0921,World Bank WDI
EGY,"Egypt, Arab Rep.",2005,NY.GDP.MKTP.KD.ZG,GDP growth,Growth,%,4.4717,World Bank WDI
EGY,"Egypt, Arab Rep.",2006,NY.GDP.MKTP.KD.ZG,GDP growth,Growth,%,6.8438,World Bank WDI
EGY,"Egypt, Arab Rep.",2007,NY.GDP.MKTP.KD.ZG,GDP growth,Growth,%,7.0878,World Bank WDI
EGY,"Egypt, Arab Rep.",2008,NY.GDP.MKTP.KD.ZG,GDP growth,Growth,%,7.1563,World Bank WDI
EGY,"Egypt, Arab Rep.",2009,NY.GDP.MKTP.KD.ZG,GDP growth,Growth,%,4.6736,World Bank WDI
EGY,"Egypt, Arab Rep.",2010,NY.GDP.MKTP.KD.ZG,GDP growth,Growth,%,5.1472,World Bank WDI
EGY,"Egypt, Arab Rep.",2011,NY.GDP.MKTP.KD.ZG,GDP growth,Growth,%,1.7646,World Bank WDI
EGY,"Egypt, Arab Rep.",2012,NY.GDP.MKTP.KD.ZG,GDP growth,Growth,%,2.2262,World Bank WDI
EGY,"Egypt, Arab Rep.",2013,NY.GDP.MKTP.KD.ZG,GDP growth,Growth,%,2.1855,World Bank WDI
EGY,"Egypt, Arab Rep.",2014,NY.GDP.MKTP.KD.ZG,GDP growth,Growth,%,2.9159,World Bank WDI
EGY,"Egypt, Arab Rep.",2015,NY.GDP.MKTP.KD.ZG,GDP growth,Growth,%,4.372,World Bank WDI
EGY,"Egypt, Arab Rep.",2016,NY.GDP.MKTP.KD.ZG,GDP growth,Growth,%,4.3466,World Bank WDI
EGY,"Egypt, Arab Rep.",2017,NY.GDP.MKTP.KD.ZG,GDP growth,Growth,%,4.1812,World Bank WDI
EGY,"Egypt, Arab Rep.",2018,NY.GDP.MKTP.KD.ZG,GDP growth,Growth,%,5.3311,World Bank WDI
EGY,"Egypt, Arab Rep.",2019,NY.GDP.MKTP.KD.ZG,GDP growth,Growth,%,5.5521,World Bank WDI
EGY,"Egypt, Arab Rep.",2020,NY.GDP.MKTP.KD.ZG,GDP growth,Growth,%,3.5502,World Bank WDI
EGY,"Egypt, Arab Rep.",2021,NY.GDP.MKTP.KD.ZG,GDP growth,Growth,%,3.2906,World Bank WDI
EGY,"Egypt, Arab Rep.",2022,NY.GDP.MKTP.KD.ZG,GDP growth,Growth,%,6.5878,World Bank WDI
EGY,"Egypt, Arab Rep.",2023,NY.GDP.MKTP.KD.ZG,GDP growth,Growth,%,3.7603,World Bank WDI
EGY,"Egypt, Arab Rep.",2024,NY.GDP.MKTP.KD.ZG,GDP growth,Growth,%,2.3992,World Bank WDI
EGY,"Egypt, Arab Rep.",2025,NY.GDP.MKTP.KD.ZG,GDP growth,Growth,%,4.392,World Bank WDI
JOR,Jordan,1990,NY.GDP.MKTP.KD.ZG,GDP growth,Growth,%,-0.2759,World Bank WDI
JOR,Jordan,1991,NY.GDP.MKTP.KD.ZG,GDP growth,Growth,%,1.6085,World Bank WDI
JOR,Jordan,1992,NY.GDP.MKTP.KD.ZG,GDP growth,Growth,%,14.3498,World Bank WDI
JOR,Jordan,1993,NY.GDP.MKTP.KD.ZG,GDP growth,Growth,%,4.487,World Bank WDI
JOR,Jordan,1994,NY.GDP.MKTP.KD.ZG,GDP growth,Growth,%,4.9715,World Bank WDI
JOR,Jordan,1995,NY.GDP.MKTP.KD.ZG,GDP growth,Growth,%,6.2009,World Bank WDI
JOR,Jordan,1996,NY.GDP.MKTP.KD.ZG,GDP growth,Growth,%,2.087,World Bank WDI
JOR,Jordan,1997,NY.GDP.MKTP.KD.ZG,GDP growth,Growth,%,3.3085,World Bank WDI
JOR,Jordan,1998,NY.GDP.MKTP.KD.ZG,GDP growth,Growth,%,3.0122,World Bank WDI
JOR,Jordan,1999,NY.GDP.MKTP.KD.ZG,GDP growth,Growth,%,3.3895,World Bank WDI
JOR,Jordan,2000,NY.GDP.MKTP.KD.ZG,GDP growth,Growth,%,4.2457,World Bank WDI
JOR,Jordan,2001,NY.GDP.MKTP.KD.ZG,GDP growth,Growth,%,5.27,World Bank WDI
JOR,Jordan,2002,NY.GDP.MKTP.KD.ZG,GDP growth,Growth,%,5.7838,World Bank WDI
JOR,Jordan,2003,NY.GDP.MKTP.KD.ZG,GDP growth,Growth,%,4.1617,World Bank WDI
JOR,Jordan,2004,NY.GDP.MKTP.KD.ZG,GDP growth,Growth,%,8.5672,World Bank WDI
JOR,Jordan,2005,NY.GDP.MKTP.KD.ZG,GDP growth,Growth,%,8.1466,World Bank WDI
JOR,Jordan,2006,NY.GDP.MKTP.KD.ZG,GDP growth,Growth,%,8.093,World Bank WDI
JOR,Jordan,2007,NY.GDP.MKTP.KD.ZG,GDP growth,Growth,%,8.1762,World Bank WDI
JOR,Jordan,2008,NY.GDP.MKTP.KD.ZG,GDP growth,Growth,%,7.2204,World Bank WDI
JOR,Jordan,2009,NY.GDP.MKTP.KD.ZG,GDP growth,Growth,%,5.1167,World Bank WDI
JOR,Jordan,2010,NY.GDP.MKTP.KD.ZG,GDP growth,Growth,%,2.6377,World Bank WDI
JOR,Jordan,2011,NY.GDP.MKTP.KD.ZG,GDP growth,Growth,%,2.9073,World Bank WDI
JOR,Jordan,2012,NY.GDP.MKTP.KD.ZG,GDP growth,Growth,%,2.4047,World Bank WDI
JOR,Jordan,2013,NY.GDP.MKTP.KD.ZG,GDP growth,Growth,%,2.7231,World Bank WDI
JOR,Jordan,2014,NY.GDP.MKTP.KD.ZG,GDP growth,Growth,%,3.3229,World Bank WDI
JOR,Jordan,2015,NY.GDP.MKTP.KD.ZG,GDP growth,Growth,%,2.5226,World Bank WDI
JOR,Jordan,2016,NY.GDP.MKTP.KD.ZG,GDP growth,Growth,%,2.1117,World Bank WDI
JOR,Jordan,2017,NY.GDP.MKTP.KD.ZG,GDP growth,Growth,%,2.5077,World Bank WDI
JOR,Jordan,2018,NY.GDP.MKTP.KD.ZG,GDP growth,Growth,%,1.8538,World Bank WDI
JOR,Jordan,2019,NY.GDP.MKTP.KD.ZG,GDP growth,Growth,%,1.8563,World Bank WDI
JOR,Jordan,2020,NY.GDP.MKTP.KD.ZG,GDP growth,Growth,%,-1.1526,World Bank WDI
JOR,Jordan,2021,NY.GDP.MKTP.KD.ZG,GDP growth,Growth,%,3.752,World Bank WDI
JOR,Jordan,2022,NY.GDP.MKTP.KD.ZG,GDP growth,Growth,%,2.7469,World Bank WDI
JOR,Jordan,2023,NY.GDP.MKTP.KD.ZG,GDP growth,Growth,%,3.129,World Bank WDI
JOR,Jordan,2024,NY.GDP.MKTP.KD.ZG,GDP growth,Growth,%,2.5561,World Bank WDI
JOR,Jordan,2025,NY.GDP.MKTP.KD.ZG,GDP growth,Growth,%,2.8266,World Bank WDI
MAR,Morocco,1990,NY.GDP.MKTP.KD.ZG,GDP growth,Growth,%,3.4118,World Bank WDI
MAR,Morocco,1991,NY.GDP.MKTP.KD.ZG,GDP growth,Growth,%,7.2161,World Bank WDI
MAR,Morocco,1992,NY.GDP.MKTP.KD.ZG,GDP growth,Growth,%,-2.0977,World Bank WDI
MAR,Morocco,1993,NY.GDP.MKTP.KD.ZG,GDP growth,Growth,%,-0.7406,World Bank WDI
MAR,Morocco,1994,NY.GDP.MKTP.KD.ZG,GDP growth,Growth,%,10.588,World Bank WDI
MAR,Morocco,1995,NY.GDP.MKTP.KD.ZG,GDP growth,Growth,%,-5.4054,World Bank WDI
MAR,Morocco,1996,NY.GDP.MKTP.KD.ZG,GDP growth,Growth,%,12.3729,World Bank WDI
MAR,Morocco,1997,NY.GDP.MKTP.KD.ZG,GDP growth,Growth,%,-1.5607,World Bank WDI
MAR,Morocco,1998,NY.GDP.MKTP.KD.ZG,GDP growth,Growth,%,7.2386,World Bank WDI
MAR,Morocco,1999,NY.GDP.MKTP.KD.ZG,GDP growth,Growth,%,1.6971,World Bank WDI
MAR,Morocco,2000,NY.GDP.MKTP.KD.ZG,GDP growth,Growth,%,2.5822,World Bank WDI
MAR,Morocco,2001,NY.GDP.MKTP.KD.ZG,GDP growth,Growth,%,7.7218,World Bank WDI
MAR,Morocco,2002,NY.GDP.MKTP.KD.ZG,GDP growth,Growth,%,3.7302,World Bank WDI
MAR,Morocco,2003,NY.GDP.MKTP.KD.ZG,GDP growth,Growth,%,6.1711,World Bank WDI
MAR,Morocco,2004,NY.GDP.MKTP.KD.ZG,GDP growth,Growth,%,4.5714,World Bank WDI
MAR,Morocco,2005,NY.GDP.MKTP.KD.ZG,GDP growth,Growth,%,3.1922,World Bank WDI
MAR,Morocco,2006,NY.GDP.MKTP.KD.ZG,GDP growth,Growth,%,7.7908,World Bank WDI
MAR,Morocco,2007,NY.GDP.MKTP.KD.ZG,GDP growth,Growth,%,3.4411,World Bank WDI
MAR,Morocco,2008,NY.GDP.MKTP.KD.ZG,GDP growth,Growth,%,5.6845,World Bank WDI
MAR,Morocco,2009,NY.GDP.MKTP.KD.ZG,GDP growth,Growth,%,3.7458,World Bank WDI
MAR,Morocco,2010,NY.GDP.MKTP.KD.ZG,GDP growth,Growth,%,3.4996,World Bank WDI
MAR,Morocco,2011,NY.GDP.MKTP.KD.ZG,GDP growth,Growth,%,5.5246,World Bank WDI
MAR,Morocco,2012,NY.GDP.MKTP.KD.ZG,GDP growth,Growth,%,3.0623,World Bank WDI
MAR,Morocco,2013,NY.GDP.MKTP.KD.ZG,GDP growth,Growth,%,4.1222,World Bank WDI
MAR,Morocco,2014,NY.GDP.MKTP.KD.ZG,GDP growth,Growth,%,2.7192,World Bank WDI
MAR,Morocco,2015,NY.GDP.MKTP.KD.ZG,GDP growth,Growth,%,4.3446,World Bank WDI
MAR,Morocco,2016,NY.GDP.MKTP.KD.ZG,GDP growth,Growth,%,0.5212,World Bank WDI
MAR,Morocco,2017,NY.GDP.MKTP.KD.ZG,GDP growth,Growth,%,5.0579,World Bank WDI
MAR,Morocco,2018,NY.GDP.MKTP.KD.ZG,GDP growth,Growth,%,3.0656,World Bank WDI
MAR,Morocco,2019,NY.GDP.MKTP.KD.ZG,GDP growth,Growth,%,2.891,World Bank WDI
MAR,Morocco,2020,NY.GDP.MKTP.KD.ZG,GDP growth,Growth,%,-7.1782,World Bank WDI
MAR,Morocco,2021,NY.GDP.MKTP.KD.ZG,GDP growth,Growth,%,8.1547,World Bank WDI
MAR,Morocco,2022,NY.GDP.MKTP.KD.ZG,GDP growth,Growth,%,1.8127,World Bank WDI
MAR,Morocco,2023,NY.GDP.MKTP.KD.ZG,GDP growth,Growth,%,3.6556,World Bank WDI
MAR,Morocco,2024,NY.GDP.MKTP.KD.ZG,GDP growth,Growth,%,3.7934,World Bank WDI
MAR,Morocco,2025,NY.GDP.MKTP.KD.ZG,GDP growth,Growth,%,4.5952,World Bank WDI
TUN,Tunisia,1990,NY.GDP.MKTP.KD.ZG,GDP growth,Growth,%,7.9498,World Bank WDI
TUN,Tunisia,1991,NY.GDP.MKTP.KD.ZG,GDP growth,Growth,%,3.9045,World Bank WDI
TUN,Tunisia,1992,NY.GDP.MKTP.KD.ZG,GDP growth,Growth,%,7.8057,World Bank WDI
TUN,Tunisia,1993,NY.GDP.MKTP.KD.ZG,GDP growth,Growth,%,2.1898,World Bank WDI
TUN,Tunisia,1994,NY.GDP.MKTP.KD.ZG,GDP growth,Growth,%,3.1784,World Bank WDI
TUN,Tunisia,1995,NY.GDP.MKTP.KD.ZG,GDP growth,Growth,%,2.3517,World Bank WDI
TUN,Tunisia,1996,NY.GDP.MKTP.KD.ZG,GDP growth,Growth,%,7.1461,World Bank WDI
TUN,Tunisia,1997,NY.GDP.MKTP.KD.ZG,GDP growth,Growth,%,5.4409,World Bank WDI
TUN,Tunisia,1998,NY.GDP.MKTP.KD.ZG,GDP growth,Growth,%,4.7838,World Bank WDI
TUN,Tunisia,1999,NY.GDP.MKTP.KD.ZG,GDP growth,Growth,%,6.0546,World Bank WDI
TUN,Tunisia,2000,NY.GDP.MKTP.KD.ZG,GDP growth,Growth,%,4.71,World Bank WDI
TUN,Tunisia,2001,NY.GDP.MKTP.KD.ZG,GDP growth,Growth,%,3.7963,World Bank WDI
TUN,Tunisia,2002,NY.GDP.MKTP.KD.ZG,GDP growth,Growth,%,1.3226,World Bank WDI
TUN,Tunisia,2003,NY.GDP.MKTP.KD.ZG,GDP growth,Growth,%,4.7024,World Bank WDI
TUN,Tunisia,2004,NY.GDP.MKTP.KD.ZG,GDP growth,Growth,%,6.2358,World Bank WDI
TUN,Tunisia,2005,NY.GDP.MKTP.KD.ZG,GDP growth,Growth,%,3.4865,World Bank WDI
TUN,Tunisia,2006,NY.GDP.MKTP.KD.ZG,GDP growth,Growth,%,5.2441,World Bank WDI
TUN,Tunisia,2007,NY.GDP.MKTP.KD.ZG,GDP growth,Growth,%,6.7095,World Bank WDI
TUN,Tunisia,2008,NY.GDP.MKTP.KD.ZG,GDP growth,Growth,%,4.2378,World Bank WDI
TUN,Tunisia,2009,NY.GDP.MKTP.KD.ZG,GDP growth,Growth,%,3.0435,World Bank WDI
TUN,Tunisia,2010,NY.GDP.MKTP.KD.ZG,GDP growth,Growth,%,2.9711,World Bank WDI
TUN,Tunisia,2011,NY.GDP.MKTP.KD.ZG,GDP growth,Growth,%,-2.0466,World Bank WDI
TUN,Tunisia,2012,NY.GDP.MKTP.KD.ZG,GDP growth,Growth,%,4.2167,World Bank WDI
TUN,Tunisia,2013,NY.GDP.MKTP.KD.ZG,GDP growth,Growth,%,2.4299,World Bank WDI
TUN,Tunisia,2014,NY.GDP.MKTP.KD.ZG,GDP growth,Growth,%,3.0903,World Bank WDI
TUN,Tunisia,2015,NY.GDP.MKTP.KD.ZG,GDP growth,Growth,%,0.9678,World Bank WDI
TUN,Tunisia,2016,NY.GDP.MKTP.KD.ZG,GDP growth,Growth,%,1.1172,World Bank WDI
TUN,Tunisia,2017,NY.GDP.MKTP.KD.ZG,GDP growth,Growth,%,2.2526,World Bank WDI
TUN,Tunisia,2018,NY.GDP.MKTP.KD.ZG,GDP growth,Growth,%,2.607,World Bank WDI
TUN,Tunisia,2019,NY.GDP.MKTP.KD.ZG,GDP growth,Growth,%,1.5501,World Bank WDI
TUN,Tunisia,2020,NY.GDP.MKTP.KD.ZG,GDP growth,Growth,%,-8.9751,World Bank WDI
TUN,Tunisia,2021,NY.GDP.MKTP.KD.ZG,GDP growth,Growth,%,4.736,World Bank WDI
TUN,Tunisia,2022,NY.GDP.MKTP.KD.ZG,GDP growth,Growth,%,2.7523,World Bank WDI
TUN,Tunisia,2023,NY.GDP.MKTP.KD.ZG,GDP growth,Growth,%,0.184,World Bank WDI
TUN,Tunisia,2024,NY.GDP.MKTP.KD.ZG,GDP growth,Growth,%,1.6144,World Bank WDI
TUN,Tunisia,2025,NY.GDP.MKTP.KD.ZG,GDP growth,Growth,%,2.4931,World Bank WDI
TUR,Turkiye,1990,NY.GDP.MKTP.KD.ZG,GDP growth,Growth,%,9.2661,World Bank WDI
TUR,Turkiye,1991,NY.GDP.MKTP.KD.ZG,GDP growth,Growth,%,0.7203,World Bank WDI
TUR,Turkiye,1992,NY.GDP.MKTP.KD.ZG,GDP growth,Growth,%,5.0356,World Bank WDI
TUR,Turkiye,1993,NY.GDP.MKTP.KD.ZG,GDP growth,Growth,%,7.6513,World Bank WDI
TUR,Turkiye,1994,NY.GDP.MKTP.KD.ZG,GDP growth,Growth,%,-4.6681,World Bank WDI
TUR,Turkiye,1995,NY.GDP.MKTP.KD.ZG,GDP growth,Growth,%,7.8783,World Bank WDI
TUR,Turkiye,1996,NY.GDP.MKTP.KD.ZG,GDP growth,Growth,%,7.1578,World Bank WDI
TUR,Turkiye,1997,NY.GDP.MKTP.KD.ZG,GDP growth,Growth,%,7.3579,World Bank WDI
TUR,Turkiye,1998,NY.GDP.MKTP.KD.ZG,GDP growth,Growth,%,1.9086,World Bank WDI
TUR,Turkiye,1999,NY.GDP.MKTP.KD.ZG,GDP growth,Growth,%,-3.0528,World Bank WDI
TUR,Turkiye,2000,NY.GDP.MKTP.KD.ZG,GDP growth,Growth,%,6.9853,World Bank WDI
TUR,Turkiye,2001,NY.GDP.MKTP.KD.ZG,GDP growth,Growth,%,-5.4594,World Bank WDI
TUR,Turkiye,2002,NY.GDP.MKTP.KD.ZG,GDP growth,Growth,%,6.4355,World Bank WDI
TUR,Turkiye,2003,NY.GDP.MKTP.KD.ZG,GDP growth,Growth,%,5.7991,World Bank WDI
TUR,Turkiye,2004,NY.GDP.MKTP.KD.ZG,GDP growth,Growth,%,9.9254,World Bank WDI
TUR,Turkiye,2005,NY.GDP.MKTP.KD.ZG,GDP growth,Growth,%,9.1116,World Bank WDI
TUR,Turkiye,2006,NY.GDP.MKTP.KD.ZG,GDP growth,Growth,%,7.0676,World Bank WDI
TUR,Turkiye,2007,NY.GDP.MKTP.KD.ZG,GDP growth,Growth,%,5.1082,World Bank WDI
TUR,Turkiye,2008,NY.GDP.MKTP.KD.ZG,GDP growth,Growth,%,0.9201,World Bank WDI
TUR,Turkiye,2009,NY.GDP.MKTP.KD.ZG,GDP growth,Growth,%,-4.8827,World Bank WDI
TUR,Turkiye,2010,NY.GDP.MKTP.KD.ZG,GDP growth,Growth,%,8.5422,World Bank WDI
TUR,Turkiye,2011,NY.GDP.MKTP.KD.ZG,GDP growth,Growth,%,10.98,World Bank WDI
TUR,Turkiye,2012,NY.GDP.MKTP.KD.ZG,GDP growth,Growth,%,4.8076,World Bank WDI
TUR,Turkiye,2013,NY.GDP.MKTP.KD.ZG,GDP growth,Growth,%,8.4883,World Bank WDI
TUR,Turkiye,2014,NY.GDP.MKTP.KD.ZG,GDP growth,Growth,%,4.6008,World Bank WDI
TUR,Turkiye,2015,NY.GDP.MKTP.KD.ZG,GDP growth,Growth,%,5.8056,World Bank WDI
TUR,Turkiye,2016,NY.GDP.MKTP.KD.ZG,GDP growth,Growth,%,3.3237,World Bank WDI
TUR,Turkiye,2017,NY.GDP.MKTP.KD.ZG,GDP growth,Growth,%,7.8259,World Bank WDI
TUR,Turkiye,2018,NY.GDP.MKTP.KD.ZG,GDP growth,Growth,%,3.4682,World Bank WDI
TUR,Turkiye,2019,NY.GDP.MKTP.KD.ZG,GDP growth,Growth,%,1.3016,World Bank WDI
TUR,Turkiye,2020,NY.GDP.MKTP.KD.ZG,GDP growth,Growth,%,1.8031,World Bank WDI
TUR,Turkiye,2021,NY.GDP.MKTP.KD.ZG,GDP growth,Growth,%,11.8111,World Bank WDI
TUR,Turkiye,2022,NY.GDP.MKTP.KD.ZG,GDP growth,Growth,%,5.4412,World Bank WDI
TUR,Turkiye,2023,NY.GDP.MKTP.KD.ZG,GDP growth,Growth,%,5.0451,World Bank WDI
TUR,Turkiye,2024,NY.GDP.MKTP.KD.ZG,GDP growth,Growth,%,3.3276,World Bank WDI
TUR,Turkiye,2025,NY.GDP.MKTP.KD.ZG,GDP growth,Growth,%,3.6046,World Bank WDI
DZA,Algeria,1990,NY.GDP.PCAP.KD,GDP per person,Growth,constant 2015 US$,3605.687,World Bank WDI
DZA,Algeria,1991,NY.GDP.PCAP.KD,GDP per person,Growth,constant 2015 US$,3478.5098,World Bank WDI
DZA,Algeria,1992,NY.GDP.PCAP.KD,GDP per person,Growth,constant 2015 US$,3455.9294,World Bank WDI
DZA,Algeria,1993,NY.GDP.PCAP.KD,GDP per person,Growth,constant 2015 US$,3302.9195,World Bank WDI
DZA,Algeria,1994,NY.GDP.PCAP.KD,GDP per person,Growth,constant 2015 US$,3201.5691,World Bank WDI
DZA,Algeria,1995,NY.GDP.PCAP.KD,GDP per person,Growth,constant 2015 US$,3255.1873,World Bank WDI
DZA,Algeria,1996,NY.GDP.PCAP.KD,GDP per person,Growth,constant 2015 US$,3322.9554,World Bank WDI
DZA,Algeria,1997,NY.GDP.PCAP.KD,GDP per person,Growth,constant 2015 US$,3297.466,World Bank WDI
DZA,Algeria,1998,NY.GDP.PCAP.KD,GDP per person,Growth,constant 2015 US$,3410.8825,World Bank WDI
DZA,Algeria,1999,NY.GDP.PCAP.KD,GDP per person,Growth,constant 2015 US$,3471.492,World Bank WDI
DZA,Algeria,2000,NY.GDP.PCAP.KD,GDP per person,Growth,constant 2015 US$,3553.3242,World Bank WDI
DZA,Algeria,2001,NY.GDP.PCAP.KD,GDP per person,Growth,constant 2015 US$,3610.0061,World Bank WDI
DZA,Algeria,2002,NY.GDP.PCAP.KD,GDP per person,Growth,constant 2015 US$,3754.6608,World Bank WDI
DZA,Algeria,2003,NY.GDP.PCAP.KD,GDP per person,Growth,constant 2015 US$,3945.8982,World Bank WDI
DZA,Algeria,2004,NY.GDP.PCAP.KD,GDP per person,Growth,constant 2015 US$,4066.282,World Bank WDI
DZA,Algeria,2005,NY.GDP.PCAP.KD,GDP per person,Growth,constant 2015 US$,4223.6025,World Bank WDI
DZA,Algeria,2006,NY.GDP.PCAP.KD,GDP per person,Growth,constant 2015 US$,4279.6155,World Bank WDI
DZA,Algeria,2007,NY.GDP.PCAP.KD,GDP per person,Growth,constant 2015 US$,4339.2506,World Bank WDI
DZA,Algeria,2008,NY.GDP.PCAP.KD,GDP per person,Growth,constant 2015 US$,4367.5654,World Bank WDI
DZA,Algeria,2009,NY.GDP.PCAP.KD,GDP per person,Growth,constant 2015 US$,4336.1005,World Bank WDI
DZA,Algeria,2010,NY.GDP.PCAP.KD,GDP per person,Growth,constant 2015 US$,4456.6103,World Bank WDI
DZA,Algeria,2011,NY.GDP.PCAP.KD,GDP per person,Growth,constant 2015 US$,4501.3543,World Bank WDI
DZA,Algeria,2012,NY.GDP.PCAP.KD,GDP per person,Growth,constant 2015 US$,4518.4398,World Bank WDI
DZA,Algeria,2013,NY.GDP.PCAP.KD,GDP per person,Growth,constant 2015 US$,4543.2344,World Bank WDI
DZA,Algeria,2014,NY.GDP.PCAP.KD,GDP per person,Growth,constant 2015 US$,4634.1015,World Bank WDI
DZA,Algeria,2015,NY.GDP.PCAP.KD,GDP per person,Growth,constant 2015 US$,4685.059,World Bank WDI
DZA,Algeria,2016,NY.GDP.PCAP.KD,GDP per person,Growth,constant 2015 US$,4768.7314,World Bank WDI
DZA,Algeria,2017,NY.GDP.PCAP.KD,GDP per person,Growth,constant 2015 US$,4742.9008,World Bank WDI
DZA,Algeria,2018,NY.GDP.PCAP.KD,GDP per person,Growth,constant 2015 US$,4717.0036,World Bank WDI
DZA,Algeria,2019,NY.GDP.PCAP.KD,GDP per person,Growth,constant 2015 US$,4672.6641,World Bank WDI
DZA,Algeria,2020,NY.GDP.PCAP.KD,GDP per person,Growth,constant 2015 US$,4363.6853,World Bank WDI
DZA,Algeria,2021,NY.GDP.PCAP.KD,GDP per person,Growth,constant 2015 US$,4456.7469,World Bank WDI
DZA,Algeria,2022,NY.GDP.PCAP.KD,GDP per person,Growth,constant 2015 US$,4544.4669,World Bank WDI
DZA,Algeria,2023,NY.GDP.PCAP.KD,GDP per person,Growth,constant 2015 US$,4660.4055,World Bank WDI
DZA,Algeria,2024,NY.GDP.PCAP.KD,GDP per person,Growth,constant 2015 US$,4765.729,World Bank WDI
DZA,Algeria,2025,NY.GDP.PCAP.KD,GDP per person,Growth,constant 2015 US$,4882.7959,World Bank WDI
EGY,"Egypt, Arab Rep.",1990,NY.GDP.PCAP.KD,GDP per person,Growth,constant 2015 US$,1972.1379,World Bank WDI
EGY,"Egypt, Arab Rep.",1991,NY.GDP.PCAP.KD,GDP per person,Growth,constant 2015 US$,1940.1002,World Bank WDI
EGY,"Egypt, Arab Rep.",1992,NY.GDP.PCAP.KD,GDP per person,Growth,constant 2015 US$,1979.0201,World Bank WDI
EGY,"Egypt, Arab Rep.",1993,NY.GDP.PCAP.KD,GDP per person,Growth,constant 2015 US$,1989.9792,World Bank WDI
EGY,"Egypt, Arab Rep.",1994,NY.GDP.PCAP.KD,GDP per person,Growth,constant 2015 US$,2024.9537,World Bank WDI
EGY,"Egypt, Arab Rep.",1995,NY.GDP.PCAP.KD,GDP per person,Growth,constant 2015 US$,2074.8399,World Bank WDI
EGY,"Egypt, Arab Rep.",1996,NY.GDP.PCAP.KD,GDP per person,Growth,constant 2015 US$,2133.648,World Bank WDI
EGY,"Egypt, Arab Rep.",1997,NY.GDP.PCAP.KD,GDP per person,Growth,constant 2015 US$,2204.6658,World Bank WDI
EGY,"Egypt, Arab Rep.",1998,NY.GDP.PCAP.KD,GDP per person,Growth,constant 2015 US$,2277.285,World Bank WDI
EGY,"Egypt, Arab Rep.",1999,NY.GDP.PCAP.KD,GDP per person,Growth,constant 2015 US$,2361.8643,World Bank WDI
EGY,"Egypt, Arab Rep.",2000,NY.GDP.PCAP.KD,GDP per person,Growth,constant 2015 US$,2458.6084,World Bank WDI
EGY,"Egypt, Arab Rep.",2001,NY.GDP.PCAP.KD,GDP per person,Growth,constant 2015 US$,2492.0344,World Bank WDI
EGY,"Egypt, Arab Rep.",2002,NY.GDP.PCAP.KD,GDP per person,Growth,constant 2015 US$,2498.4812,World Bank WDI
EGY,"Egypt, Arab Rep.",2003,NY.GDP.PCAP.KD,GDP per person,Growth,constant 2015 US$,2524.8048,World Bank WDI
EGY,"Egypt, Arab Rep.",2004,NY.GDP.PCAP.KD,GDP per person,Growth,constant 2015 US$,2574.4234,World Bank WDI
EGY,"Egypt, Arab Rep.",2005,NY.GDP.PCAP.KD,GDP per person,Growth,constant 2015 US$,2635.7031,World Bank WDI
EGY,"Egypt, Arab Rep.",2006,NY.GDP.PCAP.KD,GDP per person,Growth,constant 2015 US$,2761.6241,World Bank WDI
EGY,"Egypt, Arab Rep.",2007,NY.GDP.PCAP.KD,GDP per person,Growth,constant 2015 US$,2902.0656,World Bank WDI
EGY,"Egypt, Arab Rep.",2008,NY.GDP.PCAP.KD,GDP per person,Growth,constant 2015 US$,3052.213,World Bank WDI
EGY,"Egypt, Arab Rep.",2009,NY.GDP.PCAP.KD,GDP per person,Growth,constant 2015 US$,3135.0966,World Bank WDI
EGY,"Egypt, Arab Rep.",2010,NY.GDP.PCAP.KD,GDP per person,Growth,constant 2015 US$,3233.8452,World Bank WDI
EGY,"Egypt, Arab Rep.",2011,NY.GDP.PCAP.KD,GDP per person,Growth,constant 2015 US$,3222.3765,World Bank WDI
EGY,"Egypt, Arab Rep.",2012,NY.GDP.PCAP.KD,GDP per person,Growth,constant 2015 US$,3220.9919,World Bank WDI
EGY,"Egypt, Arab Rep.",2013,NY.GDP.PCAP.KD,GDP per person,Growth,constant 2015 US$,3216.3784,World Bank WDI
EGY,"Egypt, Arab Rep.",2014,NY.GDP.PCAP.KD,GDP per person,Growth,constant 2015 US$,3235.6625,World Bank WDI
EGY,"Egypt, Arab Rep.",2015,NY.GDP.PCAP.KD,GDP per person,Growth,constant 2015 US$,3306.9816,World Bank WDI
EGY,"Egypt, Arab Rep.",2016,NY.GDP.PCAP.KD,GDP per person,Growth,constant 2015 US$,3381.2225,World Bank WDI
EGY,"Egypt, Arab Rep.",2017,NY.GDP.PCAP.KD,GDP per person,Growth,constant 2015 US$,3452.9096,World Bank WDI
EGY,"Egypt, Arab Rep.",2018,NY.GDP.PCAP.KD,GDP per person,Growth,constant 2015 US$,3568.6397,World Bank WDI
EGY,"Egypt, Arab Rep.",2019,NY.GDP.PCAP.KD,GDP per person,Growth,constant 2015 US$,3701.2446,World Bank WDI
EGY,"Egypt, Arab Rep.",2020,NY.GDP.PCAP.KD,GDP per person,Growth,constant 2015 US$,3770.8695,World Bank WDI
EGY,"Egypt, Arab Rep.",2021,NY.GDP.PCAP.KD,GDP per person,Growth,constant 2015 US$,3837.3199,World Bank WDI
EGY,"Egypt, Arab Rep.",2022,NY.GDP.PCAP.KD,GDP per person,Growth,constant 2015 US$,4029.783,World Bank WDI
EGY,"Egypt, Arab Rep.",2023,NY.GDP.PCAP.KD,GDP per person,Growth,constant 2015 US$,4111.3118,World Bank WDI
EGY,"Egypt, Arab Rep.",2024,NY.GDP.PCAP.KD,GDP per person,Growth,constant 2015 US$,4137.6093,World Bank WDI
EGY,"Egypt, Arab Rep.",2025,NY.GDP.PCAP.KD,GDP per person,Growth,constant 2015 US$,4252.637,World Bank WDI
JOR,Jordan,1990,NY.GDP.PCAP.KD,GDP per person,Growth,constant 2015 US$,3496.4898,World Bank WDI
JOR,Jordan,1991,NY.GDP.PCAP.KD,GDP per person,Growth,constant 2015 US$,3286.6356,World Bank WDI
JOR,Jordan,1992,NY.GDP.PCAP.KD,GDP per person,Growth,constant 2015 US$,3564.7393,World Bank WDI
JOR,Jordan,1993,NY.GDP.PCAP.KD,GDP per person,Growth,constant 2015 US$,3535.9479,World Bank WDI
JOR,Jordan,1994,NY.GDP.PCAP.KD,GDP per person,Growth,constant 2015 US$,3538.0989,World Bank WDI
JOR,Jordan,1995,NY.GDP.PCAP.KD,GDP per person,Growth,constant 2015 US$,3606.713,World Bank WDI
JOR,Jordan,1996,NY.GDP.PCAP.KD,GDP per person,Growth,constant 2015 US$,3561.7492,World Bank WDI
JOR,Jordan,1997,NY.GDP.PCAP.KD,GDP per person,Growth,constant 2015 US$,3582.0488,World Bank WDI
JOR,Jordan,1998,NY.GDP.PCAP.KD,GDP per person,Growth,constant 2015 US$,3605.6345,World Bank WDI
JOR,Jordan,1999,NY.GDP.PCAP.KD,GDP per person,Growth,constant 2015 US$,3648.6067,World Bank WDI
JOR,Jordan,2000,NY.GDP.PCAP.KD,GDP per person,Growth,constant 2015 US$,3725.4954,World Bank WDI
JOR,Jordan,2001,NY.GDP.PCAP.KD,GDP per person,Growth,constant 2015 US$,3841.9851,World Bank WDI
JOR,Jordan,2002,NY.GDP.PCAP.KD,GDP per person,Growth,constant 2015 US$,3979.4039,World Bank WDI
JOR,Jordan,2003,NY.GDP.PCAP.KD,GDP per person,Growth,constant 2015 US$,4054.2261,World Bank WDI
JOR,Jordan,2004,NY.GDP.PCAP.KD,GDP per person,Growth,constant 2015 US$,4296.6237,World Bank WDI
JOR,Jordan,2005,NY.GDP.PCAP.KD,GDP per person,Growth,constant 2015 US$,4532.9625,World Bank WDI
JOR,Jordan,2006,NY.GDP.PCAP.KD,GDP per person,Growth,constant 2015 US$,4596.5691,World Bank WDI
JOR,Jordan,2007,NY.GDP.PCAP.KD,GDP per person,Growth,constant 2015 US$,4681.1701,World Bank WDI
JOR,Jordan,2008,NY.GDP.PCAP.KD,GDP per person,Growth,constant 2015 US$,4902.3835,World Bank WDI
JOR,Jordan,2009,NY.GDP.PCAP.KD,GDP per person,Growth,constant 2015 US$,5043.6264,World Bank WDI
JOR,Jordan,2010,NY.GDP.PCAP.KD,GDP per person,Growth,constant 2015 US$,5066.4972,World Bank WDI
JOR,Jordan,2011,NY.GDP.PCAP.KD,GDP per person,Growth,constant 2015 US$,5085.9801,World Bank WDI
JOR,Jordan,2012,NY.GDP.PCAP.KD,GDP per person,Growth,constant 2015 US$,5135.0328,World Bank WDI
JOR,Jordan,2013,NY.GDP.PCAP.KD,GDP per person,Growth,constant 2015 US$,5007.7616,World Bank WDI
JOR,Jordan,2014,NY.GDP.PCAP.KD,GDP per person,Growth,constant 2015 US$,4703.3994,World Bank WDI
JOR,Jordan,2015,NY.GDP.PCAP.KD,GDP per person,Growth,constant 2015 US$,4441.619,World Bank WDI
JOR,Jordan,2016,NY.GDP.PCAP.KD,GDP per person,Growth,constant 2015 US$,4326.1726,World Bank WDI
JOR,Jordan,2017,NY.GDP.PCAP.KD,GDP per person,Growth,constant 2015 US$,4335.9251,World Bank WDI
JOR,Jordan,2018,NY.GDP.PCAP.KD,GDP per person,Growth,constant 2015 US$,4320.0298,World Bank WDI
JOR,Jordan,2019,NY.GDP.PCAP.KD,GDP per person,Growth,constant 2015 US$,4313.8079,World Bank WDI
JOR,Jordan,2020,NY.GDP.PCAP.KD,GDP per person,Growth,constant 2015 US$,4188.2124,World Bank WDI
JOR,Jordan,2021,NY.GDP.PCAP.KD,GDP per person,Growth,constant 2015 US$,4266.379,World Bank WDI
JOR,Jordan,2022,NY.GDP.PCAP.KD,GDP per person,Growth,constant 2015 US$,4309.6143,World Bank WDI
JOR,Jordan,2023,NY.GDP.PCAP.KD,GDP per person,Growth,constant 2015 US$,4373.3809,World Bank WDI
JOR,Jordan,2024,NY.GDP.PCAP.KD,GDP per person,Growth,constant 2015 US$,4441.0397,World Bank WDI
JOR,Jordan,2025,NY.GDP.PCAP.KD,GDP per person,Growth,constant 2015 US$,4579.3308,World Bank WDI
MAR,Morocco,1990,NY.GDP.PCAP.KD,GDP per person,Growth,constant 2015 US$,1695.6365,World Bank WDI
MAR,Morocco,1991,NY.GDP.PCAP.KD,GDP per person,Growth,constant 2015 US$,1786.7628,World Bank WDI
MAR,Morocco,1992,NY.GDP.PCAP.KD,GDP per person,Growth,constant 2015 US$,1720.4225,World Bank WDI
MAR,Morocco,1993,NY.GDP.PCAP.KD,GDP per person,Growth,constant 2015 US$,1680.7104,World Bank WDI
MAR,Morocco,1994,NY.GDP.PCAP.KD,GDP per person,Growth,constant 2015 US$,1830.8806,World Bank WDI
MAR,Morocco,1995,NY.GDP.PCAP.KD,GDP per person,Growth,constant 2015 US$,1705.4482,World Bank WDI
MAR,Morocco,1996,NY.GDP.PCAP.KD,GDP per person,Growth,constant 2015 US$,1886.6722,World Bank WDI
MAR,Morocco,1997,NY.GDP.PCAP.KD,GDP per person,Growth,constant 2015 US$,1828.9686,World Bank WDI
MAR,Morocco,1998,NY.GDP.PCAP.KD,GDP per person,Growth,constant 2015 US$,1931.7405,World Bank WDI
MAR,Morocco,1999,NY.GDP.PCAP.KD,GDP per person,Growth,constant 2015 US$,1935.4788,World Bank WDI
MAR,Morocco,2000,NY.GDP.PCAP.KD,GDP per person,Growth,constant 2015 US$,1957.1414,World Bank WDI
MAR,Morocco,2001,NY.GDP.PCAP.KD,GDP per person,Growth,constant 2015 US$,2078.9661,World Bank WDI
MAR,Morocco,2002,NY.GDP.PCAP.KD,GDP per person,Growth,constant 2015 US$,2127.5071,World Bank WDI
MAR,Morocco,2003,NY.GDP.PCAP.KD,GDP per person,Growth,constant 2015 US$,2229.5762,World Bank WDI
MAR,Morocco,2004,NY.GDP.PCAP.KD,GDP per person,Growth,constant 2015 US$,2301.0818,World Bank WDI
MAR,Morocco,2005,NY.GDP.PCAP.KD,GDP per person,Growth,constant 2015 US$,2342.1548,World Bank WDI
MAR,Morocco,2006,NY.GDP.PCAP.KD,GDP per person,Growth,constant 2015 US$,2489.9929,World Bank WDI
MAR,Morocco,2007,NY.GDP.PCAP.KD,GDP per person,Growth,constant 2015 US$,2540.6152,World Bank WDI
MAR,Morocco,2008,NY.GDP.PCAP.KD,GDP per person,Growth,constant 2015 US$,2648.5857,World Bank WDI
MAR,Morocco,2009,NY.GDP.PCAP.KD,GDP per person,Growth,constant 2015 US$,2710.6665,World Bank WDI
MAR,Morocco,2010,NY.GDP.PCAP.KD,GDP per person,Growth,constant 2015 US$,2767.0422,World Bank WDI
MAR,Morocco,2011,NY.GDP.PCAP.KD,GDP per person,Growth,constant 2015 US$,2879.5393,World Bank WDI
MAR,Morocco,2012,NY.GDP.PCAP.KD,GDP per person,Growth,constant 2015 US$,2927.4504,World Bank WDI
MAR,Morocco,2013,NY.GDP.PCAP.KD,GDP per person,Growth,constant 2015 US$,3008.1855,World Bank WDI
MAR,Morocco,2014,NY.GDP.PCAP.KD,GDP per person,Growth,constant 2015 US$,3051.459,World Bank WDI
MAR,Morocco,2015,NY.GDP.PCAP.KD,GDP per person,Growth,constant 2015 US$,3146.2478,World Bank WDI
MAR,Morocco,2016,NY.GDP.PCAP.KD,GDP per person,Growth,constant 2015 US$,3124.425,World Bank WDI
MAR,Morocco,2017,NY.GDP.PCAP.KD,GDP per person,Growth,constant 2015 US$,3242.6443,World Bank WDI
MAR,Morocco,2018,NY.GDP.PCAP.KD,GDP per person,Growth,constant 2015 US$,3304.7119,World Bank WDI
MAR,Morocco,2019,NY.GDP.PCAP.KD,GDP per person,Growth,constant 2015 US$,3364.7395,World Bank WDI
MAR,Morocco,2020,NY.GDP.PCAP.KD,GDP per person,Growth,constant 2015 US$,3090.8943,World Bank WDI
MAR,Morocco,2021,NY.GDP.PCAP.KD,GDP per person,Growth,constant 2015 US$,3309.1309,World Bank WDI
MAR,Morocco,2022,NY.GDP.PCAP.KD,GDP per person,Growth,constant 2015 US$,3334.9116,World Bank WDI
MAR,Morocco,2023,NY.GDP.PCAP.KD,GDP per person,Growth,constant 2015 US$,3421.217,World Bank WDI
MAR,Morocco,2024,NY.GDP.PCAP.KD,GDP per person,Growth,constant 2015 US$,3516.1541,World Bank WDI
MAR,Morocco,2025,NY.GDP.PCAP.KD,GDP per person,Growth,constant 2015 US$,3643.8096,World Bank WDI
TUN,Tunisia,1990,NY.GDP.PCAP.KD,GDP per person,Growth,constant 2015 US$,2114.4703,World Bank WDI
TUN,Tunisia,1991,NY.GDP.PCAP.KD,GDP per person,Growth,constant 2015 US$,2151.2085,World Bank WDI
TUN,Tunisia,1992,NY.GDP.PCAP.KD,GDP per person,Growth,constant 2015 US$,2270.8645,World Bank WDI
TUN,Tunisia,1993,NY.GDP.PCAP.KD,GDP per person,Growth,constant 2015 US$,2274.6418,World Bank WDI
TUN,Tunisia,1994,NY.GDP.PCAP.KD,GDP per person,Growth,constant 2015 US$,2305.1613,World Bank WDI
TUN,Tunisia,1995,NY.GDP.PCAP.KD,GDP per person,Growth,constant 2015 US$,2322.5921,World Bank WDI
TUN,Tunisia,1996,NY.GDP.PCAP.KD,GDP per person,Growth,constant 2015 US$,2452.9093,World Bank WDI
TUN,Tunisia,1997,NY.GDP.PCAP.KD,GDP per person,Growth,constant 2015 US$,2551.5506,World Bank WDI
TUN,Tunisia,1998,NY.GDP.PCAP.KD,GDP per person,Growth,constant 2015 US$,2639.875,World Bank WDI
TUN,Tunisia,1999,NY.GDP.PCAP.KD,GDP per person,Growth,constant 2015 US$,2766.5701,World Bank WDI
TUN,Tunisia,2000,NY.GDP.PCAP.KD,GDP per person,Growth,constant 2015 US$,2864.547,World Bank WDI
TUN,Tunisia,2001,NY.GDP.PCAP.KD,GDP per person,Growth,constant 2015 US$,2941.7389,World Bank WDI
TUN,Tunisia,2002,NY.GDP.PCAP.KD,GDP per person,Growth,constant 2015 US$,2950.2041,World Bank WDI
TUN,Tunisia,2003,NY.GDP.PCAP.KD,GDP per person,Growth,constant 2015 US$,3058.229,World Bank WDI
TUN,Tunisia,2004,NY.GDP.PCAP.KD,GDP per person,Growth,constant 2015 US$,3218.7232,World Bank WDI
TUN,Tunisia,2005,NY.GDP.PCAP.KD,GDP per person,Growth,constant 2015 US$,3301.9382,World Bank WDI
TUN,Tunisia,2006,NY.GDP.PCAP.KD,GDP per person,Growth,constant 2015 US$,3444.5514,World Bank WDI
TUN,Tunisia,2007,NY.GDP.PCAP.KD,GDP per person,Growth,constant 2015 US$,3642.1198,World Bank WDI
TUN,Tunisia,2008,NY.GDP.PCAP.KD,GDP per person,Growth,constant 2015 US$,3760.1183,World Bank WDI
TUN,Tunisia,2009,NY.GDP.PCAP.KD,GDP per person,Growth,constant 2015 US$,3835.2501,World Bank WDI
TUN,Tunisia,2010,NY.GDP.PCAP.KD,GDP per person,Growth,constant 2015 US$,3906.9063,World Bank WDI
TUN,Tunisia,2011,NY.GDP.PCAP.KD,GDP per person,Growth,constant 2015 US$,3784.7413,World Bank WDI
TUN,Tunisia,2012,NY.GDP.PCAP.KD,GDP per person,Growth,constant 2015 US$,3900.0462,World Bank WDI
TUN,Tunisia,2013,NY.GDP.PCAP.KD,GDP per person,Growth,constant 2015 US$,3947.5876,World Bank WDI
TUN,Tunisia,2014,NY.GDP.PCAP.KD,GDP per person,Growth,constant 2015 US$,4021.5995,World Bank WDI
TUN,Tunisia,2015,NY.GDP.PCAP.KD,GDP per person,Growth,constant 2015 US$,4014.9477,World Bank WDI
TUN,Tunisia,2016,NY.GDP.PCAP.KD,GDP per person,Growth,constant 2015 US$,4015.2889,World Bank WDI
TUN,Tunisia,2017,NY.GDP.PCAP.KD,GDP per person,Growth,constant 2015 US$,4062.8061,World Bank WDI
TUN,Tunisia,2018,NY.GDP.PCAP.KD,GDP per person,Growth,constant 2015 US$,4127.9701,World Bank WDI
TUN,Tunisia,2019,NY.GDP.PCAP.KD,GDP per person,Growth,constant 2015 US$,4153.2798,World Bank WDI
TUN,Tunisia,2020,NY.GDP.PCAP.KD,GDP per person,Growth,constant 2015 US$,3749.2684,World Bank WDI
TUN,Tunisia,2021,NY.GDP.PCAP.KD,GDP per person,Growth,constant 2015 US$,3902.5332,World Bank WDI
TUN,Tunisia,2022,NY.GDP.PCAP.KD,GDP per person,Growth,constant 2015 US$,3986.5456,World Bank WDI
TUN,Tunisia,2023,NY.GDP.PCAP.KD,GDP per person,Growth,constant 2015 US$,3967.3339,World Bank WDI
TUN,Tunisia,2024,NY.GDP.PCAP.KD,GDP per person,Growth,constant 2015 US$,4006.2059,World Bank WDI
TUN,Tunisia,2025,NY.GDP.PCAP.KD,GDP per person,Growth,constant 2015 US$,4082.3222,World Bank WDI
TUR,Turkiye,1990,NY.GDP.PCAP.KD,GDP per person,Growth,constant 2015 US$,5188.1824,World Bank WDI
TUR,Turkiye,1991,NY.GDP.PCAP.KD,GDP per person,Growth,constant 2015 US$,5134.4176,World Bank WDI
TUR,Turkiye,1992,NY.GDP.PCAP.KD,GDP per person,Growth,constant 2015 US$,5301.8086,World Bank WDI
TUR,Turkiye,1993,NY.GDP.PCAP.KD,GDP per person,Growth,constant 2015 US$,5609.8506,World Bank WDI
TUR,Turkiye,1994,NY.GDP.PCAP.KD,GDP per person,Growth,constant 2015 US$,5255.8034,World Bank WDI
TUR,Turkiye,1995,NY.GDP.PCAP.KD,GDP per person,Growth,constant 2015 US$,5577.8254,World Bank WDI
TUR,Turkiye,1996,NY.GDP.PCAP.KD,GDP per person,Growth,constant 2015 US$,5887.6731,World Bank WDI
TUR,Turkiye,1997,NY.GDP.PCAP.KD,GDP per person,Growth,constant 2015 US$,6230.1862,World Bank WDI
TUR,Turkiye,1998,NY.GDP.PCAP.KD,GDP per person,Growth,constant 2015 US$,6261.2887,World Bank WDI
TUR,Turkiye,1999,NY.GDP.PCAP.KD,GDP per person,Growth,constant 2015 US$,5989.557,World Bank WDI
TUR,Turkiye,2000,NY.GDP.PCAP.KD,GDP per person,Growth,constant 2015 US$,6326.2575,World Bank WDI
TUR,Turkiye,2001,NY.GDP.PCAP.KD,GDP per person,Growth,constant 2015 US$,5906.9235,World Bank WDI
TUR,Turkiye,2002,NY.GDP.PCAP.KD,GDP per person,Growth,constant 2015 US$,6211.7054,World Bank WDI
TUR,Turkiye,2003,NY.GDP.PCAP.KD,GDP per person,Growth,constant 2015 US$,6496.0728,World Bank WDI
TUR,Turkiye,2004,NY.GDP.PCAP.KD,GDP per person,Growth,constant 2015 US$,7061.6222,World Bank WDI
TUR,Turkiye,2005,NY.GDP.PCAP.KD,GDP per person,Growth,constant 2015 US$,7623.1464,World Bank WDI
TUR,Turkiye,2006,NY.GDP.PCAP.KD,GDP per person,Growth,constant 2015 US$,8078.5154,World Bank WDI
TUR,Turkiye,2007,NY.GDP.PCAP.KD,GDP per person,Growth,constant 2015 US$,8477.5333,World Bank WDI
TUR,Turkiye,2008,NY.GDP.PCAP.KD,GDP per person,Growth,constant 2015 US$,8447.9398,World Bank WDI
TUR,Turkiye,2009,NY.GDP.PCAP.KD,GDP per person,Growth,constant 2015 US$,7925.3011,World Bank WDI
TUR,Turkiye,2010,NY.GDP.PCAP.KD,GDP per person,Growth,constant 2015 US$,8472.5781,World Bank WDI
TUR,Turkiye,2011,NY.GDP.PCAP.KD,GDP per person,Growth,constant 2015 US$,9265.8591,World Bank WDI
TUR,Turkiye,2012,NY.GDP.PCAP.KD,GDP per person,Growth,constant 2015 US$,9588.3207,World Bank WDI
TUR,Turkiye,2013,NY.GDP.PCAP.KD,GDP per person,Growth,constant 2015 US$,10269.4489,World Bank WDI
TUR,Turkiye,2014,NY.GDP.PCAP.KD,GDP per person,Growth,constant 2015 US$,10597.9802,World Bank WDI
TUR,Turkiye,2015,NY.GDP.PCAP.KD,GDP per person,Growth,constant 2015 US$,11064.6495,World Bank WDI
TUR,Turkiye,2016,NY.GDP.PCAP.KD,GDP per person,Growth,constant 2015 US$,11279.617,World Bank WDI
TUR,Turkiye,2017,NY.GDP.PCAP.KD,GDP per person,Growth,constant 2015 US$,12005.646,World Bank WDI
TUR,Turkiye,2018,NY.GDP.PCAP.KD,GDP per person,Growth,constant 2015 US$,12255.0082,World Bank WDI
TUR,Turkiye,2019,NY.GDP.PCAP.KD,GDP per person,Growth,constant 2015 US$,12238.295,World Bank WDI
TUR,Turkiye,2020,NY.GDP.PCAP.KD,GDP per person,Growth,constant 2015 US$,12338.6438,World Bank WDI
TUR,Turkiye,2021,NY.GDP.PCAP.KD,GDP per person,Growth,constant 2015 US$,13670.938,World Bank WDI
TUR,Turkiye,2022,NY.GDP.PCAP.KD,GDP per person,Growth,constant 2015 US$,14273.5748,World Bank WDI
TUR,Turkiye,2023,NY.GDP.PCAP.KD,GDP per person,Growth,constant 2015 US$,14932.8851,World Bank WDI
TUR,Turkiye,2024,NY.GDP.PCAP.KD,GDP per person,Growth,constant 2015 US$,15395.0279,World Bank WDI
TUR,Turkiye,2025,NY.GDP.PCAP.KD,GDP per person,Growth,constant 2015 US$,15883.1187,World Bank WDI
DZA,Algeria,1990,SE.SEC.ENRR,Secondary school enrollment,Education,% gross,60.6159,World Bank WDI
DZA,Algeria,1991,SE.SEC.ENRR,Secondary school enrollment,Education,% gross,59.8203,World Bank WDI
DZA,Algeria,1992,SE.SEC.ENRR,Secondary school enrollment,Education,% gross,60.1012,World Bank WDI
DZA,Algeria,1993,SE.SEC.ENRR,Secondary school enrollment,Education,% gross,59.9652,World Bank WDI
DZA,Algeria,1994,SE.SEC.ENRR,Secondary school enrollment,Education,% gross,60.4801,World Bank WDI
DZA,Algeria,1995,SE.SEC.ENRR,Secondary school enrollment,Education,% gross,59.5077,World Bank WDI
DZA,Algeria,1996,SE.SEC.ENRR,Secondary school enrollment,Education,% gross,58.9313,World Bank WDI
DZA,Algeria,1997,SE.SEC.ENRR,Secondary school enrollment,Education,% gross,58.7424,World Bank WDI
DZA,Algeria,1999,SE.SEC.ENRR,Secondary school enrollment,Education,% gross,64.7456,World Bank WDI
DZA,Algeria,2000,SE.SEC.ENRR,Secondary school enrollment,Education,% gross,64.5954,World Bank WDI
DZA,Algeria,2001,SE.SEC.ENRR,Secondary school enrollment,Education,% gross,68.7633,World Bank WDI
DZA,Algeria,2002,SE.SEC.ENRR,Secondary school enrollment,Education,% gross,72.5831,World Bank WDI
DZA,Algeria,2003,SE.SEC.ENRR,Secondary school enrollment,Education,% gross,75.4359,World Bank WDI
DZA,Algeria,2004,SE.SEC.ENRR,Secondary school enrollment,Education,% gross,79.6299,World Bank WDI
DZA,Algeria,2005,SE.SEC.ENRR,Secondary school enrollment,Education,% gross,81.8564,World Bank WDI
DZA,Algeria,2006,SE.SEC.ENRR,Secondary school enrollment,Education,% gross,83.4812,World Bank WDI
DZA,Algeria,2007,SE.SEC.ENRR,Secondary school enrollment,Education,% gross,73.5178,World Bank WDI
DZA,Algeria,2008,SE.SEC.ENRR,Secondary school enrollment,Education,% gross,80.2311,World Bank WDI
DZA,Algeria,2009,SE.SEC.ENRR,Secondary school enrollment,Education,% gross,96.393,World Bank WDI
DZA,Algeria,2010,SE.SEC.ENRR,Secondary school enrollment,Education,% gross,100.7398,World Bank WDI
DZA,Algeria,2011,SE.SEC.ENRR,Secondary school enrollment,Education,% gross,103.1843,World Bank WDI
DZA,Algeria,2022,SE.SEC.ENRR,Secondary school enrollment,Education,% gross,104.5503,World Bank WDI
DZA,Algeria,2023,SE.SEC.ENRR,Secondary school enrollment,Education,% gross,101.2649,World Bank WDI
DZA,Algeria,2024,SE.SEC.ENRR,Secondary school enrollment,Education,% gross,105.1641,World Bank WDI
EGY,"Egypt, Arab Rep.",1990,SE.SEC.ENRR,Secondary school enrollment,Education,% gross,68.7174,World Bank WDI
EGY,"Egypt, Arab Rep.",1991,SE.SEC.ENRR,Secondary school enrollment,Education,% gross,69.0612,World Bank WDI
EGY,"Egypt, Arab Rep.",1992,SE.SEC.ENRR,Secondary school enrollment,Education,% gross,64.1928,World Bank WDI
EGY,"Egypt, Arab Rep.",1993,SE.SEC.ENRR,Secondary school enrollment,Education,% gross,65.0156,World Bank WDI
EGY,"Egypt, Arab Rep.",1994,SE.SEC.ENRR,Secondary school enrollment,Education,% gross,70.1933,World Bank WDI
EGY,"Egypt, Arab Rep.",1995,SE.SEC.ENRR,Secondary school enrollment,Education,% gross,68.1646,World Bank WDI
EGY,"Egypt, Arab Rep.",1996,SE.SEC.ENRR,Secondary school enrollment,Education,% gross,66.105,World Bank WDI
EGY,"Egypt, Arab Rep.",1997,SE.SEC.ENRR,Secondary school enrollment,Education,% gross,70.2327,World Bank WDI
EGY,"Egypt, Arab Rep.",1999,SE.SEC.ENRR,Secondary school enrollment,Education,% gross,76.0924,World Bank WDI
EGY,"Egypt, Arab Rep.",2000,SE.SEC.ENRR,Secondary school enrollment,Education,% gross,77.8339,World Bank WDI
EGY,"Egypt, Arab Rep.",2001,SE.SEC.ENRR,Secondary school enrollment,Education,% gross,79.3897,World Bank WDI
EGY,"Egypt, Arab Rep.",2002,SE.SEC.ENRR,Secondary school enrollment,Education,% gross,78.8174,World Bank WDI
EGY,"Egypt, Arab Rep.",2003,SE.SEC.ENRR,Secondary school enrollment,Education,% gross,78.5066,World Bank WDI
EGY,"Egypt, Arab Rep.",2004,SE.SEC.ENRR,Secondary school enrollment,Education,% gross,77.7842,World Bank WDI
EGY,"Egypt, Arab Rep.",2009,SE.SEC.ENRR,Secondary school enrollment,Education,% gross,63.2155,World Bank WDI
EGY,"Egypt, Arab Rep.",2010,SE.SEC.ENRR,Secondary school enrollment,Education,% gross,64.7296,World Bank WDI
EGY,"Egypt, Arab Rep.",2011,SE.SEC.ENRR,Secondary school enrollment,Education,% gross,72.5488,World Bank WDI
EGY,"Egypt, Arab Rep.",2012,SE.SEC.ENRR,Secondary school enrollment,Education,% gross,73.0182,World Bank WDI
EGY,"Egypt, Arab Rep.",2013,SE.SEC.ENRR,Secondary school enrollment,Education,% gross,73.8954,World Bank WDI
EGY,"Egypt, Arab Rep.",2014,SE.SEC.ENRR,Secondary school enrollment,Education,% gross,73.3723,World Bank WDI
EGY,"Egypt, Arab Rep.",2016,SE.SEC.ENRR,Secondary school enrollment,Education,% gross,75.7524,World Bank WDI
EGY,"Egypt, Arab Rep.",2017,SE.SEC.ENRR,Secondary school enrollment,Education,% gross,76.4338,World Bank WDI
EGY,"Egypt, Arab Rep.",2018,SE.SEC.ENRR,Secondary school enrollment,Education,% gross,76.9816,World Bank WDI
EGY,"Egypt, Arab Rep.",2019,SE.SEC.ENRR,Secondary school enrollment,Education,% gross,77.9094,World Bank WDI
EGY,"Egypt, Arab Rep.",2020,SE.SEC.ENRR,Secondary school enrollment,Education,% gross,79.6545,World Bank WDI
EGY,"Egypt, Arab Rep.",2021,SE.SEC.ENRR,Secondary school enrollment,Education,% gross,81.8833,World Bank WDI
EGY,"Egypt, Arab Rep.",2023,SE.SEC.ENRR,Secondary school enrollment,Education,% gross,84.4749,World Bank WDI
EGY,"Egypt, Arab Rep.",2024,SE.SEC.ENRR,Secondary school enrollment,Education,% gross,84.8286,World Bank WDI
JOR,Jordan,1990,SE.SEC.ENRR,Secondary school enrollment,Education,% gross,75.0135,World Bank WDI
JOR,Jordan,1991,SE.SEC.ENRR,Secondary school enrollment,Education,% gross,74.8513,World Bank WDI
JOR,Jordan,1992,SE.SEC.ENRR,Secondary school enrollment,Education,% gross,77.9476,World Bank WDI
JOR,Jordan,1993,SE.SEC.ENRR,Secondary school enrollment,Education,% gross,78.9788,World Bank WDI
JOR,Jordan,1994,SE.SEC.ENRR,Secondary school enrollment,Education,% gross,81.1211,World Bank WDI
JOR,Jordan,1996,SE.SEC.ENRR,Secondary school enrollment,Education,% gross,85.0781,World Bank WDI
JOR,Jordan,1999,SE.SEC.ENRR,Secondary school enrollment,Education,% gross,86.1093,World Bank WDI
JOR,Jordan,2000,SE.SEC.ENRR,Secondary school enrollment,Education,% gross,84.5953,World Bank WDI
JOR,Jordan,2002,SE.SEC.ENRR,Secondary school enrollment,Education,% gross,83.6368,World Bank WDI
JOR,Jordan,2003,SE.SEC.ENRR,Secondary school enrollment,Education,% gross,83.7644,World Bank WDI
JOR,Jordan,2004,SE.SEC.ENRR,Secondary school enrollment,Education,% gross,83.6611,World Bank WDI
JOR,Jordan,2005,SE.SEC.ENRR,Secondary school enrollment,Education,% gross,84.3937,World Bank WDI
JOR,Jordan,2006,SE.SEC.ENRR,Secondary school enrollment,Education,% gross,86.7746,World Bank WDI
JOR,Jordan,2007,SE.SEC.ENRR,Secondary school enrollment,Education,% gross,87.7152,World Bank WDI
JOR,Jordan,2008,SE.SEC.ENRR,Secondary school enrollment,Education,% gross,88.4467,World Bank WDI
JOR,Jordan,2010,SE.SEC.ENRR,Secondary school enrollment,Education,% gross,87.3644,World Bank WDI
JOR,Jordan,2011,SE.SEC.ENRR,Secondary school enrollment,Education,% gross,87.593,World Bank WDI
JOR,Jordan,2012,SE.SEC.ENRR,Secondary school enrollment,Education,% gross,87.2318,World Bank WDI
JOR,Jordan,2013,SE.SEC.ENRR,Secondary school enrollment,Education,% gross,87.3028,World Bank WDI
JOR,Jordan,2014,SE.SEC.ENRR,Secondary school enrollment,Education,% gross,88.8703,World Bank WDI
JOR,Jordan,2017,SE.SEC.ENRR,Secondary school enrollment,Education,% gross,88.8758,World Bank WDI
JOR,Jordan,2018,SE.SEC.ENRR,Secondary school enrollment,Education,% gross,89.7929,World Bank WDI
JOR,Jordan,2019,SE.SEC.ENRR,Secondary school enrollment,Education,% gross,89.5105,World Bank WDI
JOR,Jordan,2020,SE.SEC.ENRR,Secondary school enrollment,Education,% gross,90.1993,World Bank WDI
JOR,Jordan,2021,SE.SEC.ENRR,Secondary school enrollment,Education,% gross,90.0636,World Bank WDI
JOR,Jordan,2022,SE.SEC.ENRR,Secondary school enrollment,Education,% gross,90.9913,World Bank WDI
JOR,Jordan,2023,SE.SEC.ENRR,Secondary school enrollment,Education,% gross,91.9697,World Bank WDI
JOR,Jordan,2024,SE.SEC.ENRR,Secondary school enrollment,Education,% gross,91.7519,World Bank WDI
MAR,Morocco,1990,SE.SEC.ENRR,Secondary school enrollment,Education,% gross,36.7552,World Bank WDI
MAR,Morocco,1991,SE.SEC.ENRR,Secondary school enrollment,Education,% gross,35.1156,World Bank WDI
MAR,Morocco,1992,SE.SEC.ENRR,Secondary school enrollment,Education,% gross,35.8083,World Bank WDI
MAR,Morocco,1993,SE.SEC.ENRR,Secondary school enrollment,Education,% gross,36.3345,World Bank WDI
MAR,Morocco,1994,SE.SEC.ENRR,Secondary school enrollment,Education,% gross,37.4641,World Bank WDI
MAR,Morocco,1995,SE.SEC.ENRR,Secondary school enrollment,Education,% gross,37.7669,World Bank WDI
MAR,Morocco,1996,SE.SEC.ENRR,Secondary school enrollment,Education,% gross,38.1682,World Bank WDI
MAR,Morocco,1997,SE.SEC.ENRR,Secondary school enrollment,Education,% gross,38.4689,World Bank WDI
MAR,Morocco,1998,SE.SEC.ENRR,Secondary school enrollment,Education,% gross,37.5191,World Bank WDI
MAR,Morocco,1999,SE.SEC.ENRR,Secondary school enrollment,Education,% gross,37.9945,World Bank WDI
MAR,Morocco,2000,SE.SEC.ENRR,Secondary school enrollment,Education,% gross,39.6925,World Bank WDI
MAR,Morocco,2001,SE.SEC.ENRR,Secondary school enrollment,Education,% gross,41.3157,World Bank WDI
MAR,Morocco,2002,SE.SEC.ENRR,Secondary school enrollment,Education,% gross,43.0969,World Bank WDI
MAR,Morocco,2003,SE.SEC.ENRR,Secondary school enrollment,Education,% gross,44.6514,World Bank WDI
MAR,Morocco,2004,SE.SEC.ENRR,Secondary school enrollment,Education,% gross,47.3964,World Bank WDI
MAR,Morocco,2005,SE.SEC.ENRR,Secondary school enrollment,Education,% gross,49.1548,World Bank WDI
MAR,Morocco,2006,SE.SEC.ENRR,Secondary school enrollment,Education,% gross,52.2258,World Bank WDI
MAR,Morocco,2007,SE.SEC.ENRR,Secondary school enrollment,Education,% gross,55.3459,World Bank WDI
MAR,Morocco,2008,SE.SEC.ENRR,Secondary school enrollment,Education,% gross,57.6666,World Bank WDI
MAR,Morocco,2009,SE.SEC.ENRR,Secondary school enrollment,Education,% gross,60.7418,World Bank WDI
MAR,Morocco,2010,SE.SEC.ENRR,Secondary school enrollment,Education,% gross,63.0758,World Bank WDI
MAR,Morocco,2011,SE.SEC.ENRR,Secondary school enrollment,Education,% gross,66.0255,World Bank WDI
MAR,Morocco,2012,SE.SEC.ENRR,Secondary school enrollment,Education,% gross,68.7359,World Bank WDI
MAR,Morocco,2017,SE.SEC.ENRR,Secondary school enrollment,Education,% gross,78.2157,World Bank WDI
MAR,Morocco,2018,SE.SEC.ENRR,Secondary school enrollment,Education,% gross,78.4709,World Bank WDI
MAR,Morocco,2019,SE.SEC.ENRR,Secondary school enrollment,Education,% gross,79.3441,World Bank WDI
MAR,Morocco,2020,SE.SEC.ENRR,Secondary school enrollment,Education,% gross,80.3088,World Bank WDI
MAR,Morocco,2021,SE.SEC.ENRR,Secondary school enrollment,Education,% gross,80.7404,World Bank WDI
MAR,Morocco,2022,SE.SEC.ENRR,Secondary school enrollment,Education,% gross,84.4554,World Bank WDI
MAR,Morocco,2023,SE.SEC.ENRR,Secondary school enrollment,Education,% gross,87.7346,World Bank WDI
MAR,Morocco,2024,SE.SEC.ENRR,Secondary school enrollment,Education,% gross,89.9835,World Bank WDI
TUN,Tunisia,1990,SE.SEC.ENRR,Secondary school enrollment,Education,% gross,43.0991,World Bank WDI
TUN,Tunisia,1991,SE.SEC.ENRR,Secondary school enrollment,Education,% gross,43.2728,World Bank WDI
TUN,Tunisia,1992,SE.SEC.ENRR,Secondary school enrollment,Education,% gross,43.7264,World Bank WDI
TUN,Tunisia,1993,SE.SEC.ENRR,Secondary school enrollment,Education,% gross,46.0116,World Bank WDI
TUN,Tunisia,1994,SE.SEC.ENRR,Secondary school enrollment,Education,% gross,50.4441,World Bank WDI
TUN,Tunisia,1995,SE.SEC.ENRR,Secondary school enrollment,Education,% gross,54.4243,World Bank WDI
TUN,Tunisia,1996,SE.SEC.ENRR,Secondary school enrollment,Education,% gross,58.362,World Bank WDI
TUN,Tunisia,1997,SE.SEC.ENRR,Secondary school enrollment,Education,% gross,59.8097,World Bank WDI
TUN,Tunisia,1998,SE.SEC.ENRR,Secondary school enrollment,Education,% gross,66.0826,World Bank WDI
TUN,Tunisia,1999,SE.SEC.ENRR,Secondary school enrollment,Education,% gross,69.9537,World Bank WDI
TUN,Tunisia,2000,SE.SEC.ENRR,Secondary school enrollment,Education,% gross,72.4827,World Bank WDI
TUN,Tunisia,2001,SE.SEC.ENRR,Secondary school enrollment,Education,% gross,74.8093,World Bank WDI
TUN,Tunisia,2002,SE.SEC.ENRR,Secondary school enrollment,Education,% gross,76.4911,World Bank WDI
TUN,Tunisia,2003,SE.SEC.ENRR,Secondary school enrollment,Education,% gross,76.0594,World Bank WDI
TUN,Tunisia,2004,SE.SEC.ENRR,Secondary school enrollment,Education,% gross,80.0033,World Bank WDI
TUN,Tunisia,2005,SE.SEC.ENRR,Secondary school enrollment,Education,% gross,83.4392,World Bank WDI
TUN,Tunisia,2006,SE.SEC.ENRR,Secondary school enrollment,Education,% gross,85.9543,World Bank WDI
TUN,Tunisia,2007,SE.SEC.ENRR,Secondary school enrollment,Education,% gross,89.6093,World Bank WDI
TUN,Tunisia,2008,SE.SEC.ENRR,Secondary school enrollment,Education,% gross,91.054,World Bank WDI
TUN,Tunisia,2009,SE.SEC.ENRR,Secondary school enrollment,Education,% gross,88.8368,World Bank WDI
TUN,Tunisia,2010,SE.SEC.ENRR,Secondary school enrollment,Education,% gross,88.1112,World Bank WDI
TUN,Tunisia,2011,SE.SEC.ENRR,Secondary school enrollment,Education,% gross,89.3415,World Bank WDI
TUN,Tunisia,2013,SE.SEC.ENRR,Secondary school enrollment,Education,% gross,87.2357,World Bank WDI
TUN,Tunisia,2014,SE.SEC.ENRR,Secondary school enrollment,Education,% gross,84.9663,World Bank WDI
TUN,Tunisia,2015,SE.SEC.ENRR,Secondary school enrollment,Education,% gross,85.7816,World Bank WDI
TUN,Tunisia,2016,SE.SEC.ENRR,Secondary school enrollment,Education,% gross,90.3264,World Bank WDI
TUR,Turkiye,1990,SE.SEC.ENRR,Secondary school enrollment,Education,% gross,48.6131,World Bank WDI
TUR,Turkiye,1991,SE.SEC.ENRR,Secondary school enrollment,Education,% gross,50.3297,World Bank WDI
TUR,Turkiye,1992,SE.SEC.ENRR,Secondary school enrollment,Education,% gross,51.9287,World Bank WDI
TUR,Turkiye,1993,SE.SEC.ENRR,Secondary school enrollment,Education,% gross,55.1014,World Bank WDI
TUR,Turkiye,1994,SE.SEC.ENRR,Secondary school enrollment,Education,% gross,56.6242,World Bank WDI
TUR,Turkiye,1995,SE.SEC.ENRR,Secondary school enrollment,Education,% gross,59.132,World Bank WDI
TUR,Turkiye,1997,SE.SEC.ENRR,Secondary school enrollment,Education,% gross,59.2662,World Bank WDI
TUR,Turkiye,1999,SE.SEC.ENRR,Secondary school enrollment,Education,% gross,69.3712,World Bank WDI
TUR,Turkiye,2000,SE.SEC.ENRR,Secondary school enrollment,Education,% gross,74.588,World Bank WDI
TUR,Turkiye,2001,SE.SEC.ENRR,Secondary school enrollment,Education,% gross,85.3136,World Bank WDI
TUR,Turkiye,2002,SE.SEC.ENRR,Secondary school enrollment,Education,% gross,90.111,World Bank WDI
TUR,Turkiye,2003,SE.SEC.ENRR,Secondary school enrollment,Education,% gross,91.8227,World Bank WDI
TUR,Turkiye,2004,SE.SEC.ENRR,Secondary school enrollment,Education,% gross,88.3137,World Bank WDI
TUR,Turkiye,2005,SE.SEC.ENRR,Secondary school enrollment,Education,% gross,84.9437,World Bank WDI
TUR,Turkiye,2006,SE.SEC.ENRR,Secondary school enrollment,Education,% gross,88.5528,World Bank WDI
TUR,Turkiye,2007,SE.SEC.ENRR,Secondary school enrollment,Education,% gross,90.7345,World Bank WDI
TUR,Turkiye,2008,SE.SEC.ENRR,Secondary school enrollment,Education,% gross,89.057,World Bank WDI
TUR,Turkiye,2009,SE.SEC.ENRR,Secondary school enrollment,Education,% gross,80.1907,World Bank WDI
TUR,Turkiye,2010,SE.SEC.ENRR,Secondary school enrollment,Education,% gross,84.2024,World Bank WDI
TUR,Turkiye,2011,SE.SEC.ENRR,Secondary school enrollment,Education,% gross,87.8032,World Bank WDI
TUR,Turkiye,2012,SE.SEC.ENRR,Secondary school enrollment,Education,% gross,85.0204,World Bank WDI
TUR,Turkiye,2013,SE.SEC.ENRR,Secondary school enrollment,Education,% gross,102.2097,World Bank WDI
TUR,Turkiye,2014,SE.SEC.ENRR,Secondary school enrollment,Education,% gross,105.9755,World Bank WDI
TUR,Turkiye,2015,SE.SEC.ENRR,Secondary school enrollment,Education,% gross,107.2432,World Bank WDI
TUR,Turkiye,2016,SE.SEC.ENRR,Secondary school enrollment,Education,% gross,108.5476,World Bank WDI
TUR,Turkiye,2017,SE.SEC.ENRR,Secondary school enrollment,Education,% gross,112.9773,World Bank WDI
TUR,Turkiye,2018,SE.SEC.ENRR,Secondary school enrollment,Education,% gross,112.1154,World Bank WDI
TUR,Turkiye,2019,SE.SEC.ENRR,Secondary school enrollment,Education,% gross,111.9104,World Bank WDI
TUR,Turkiye,2020,SE.SEC.ENRR,Secondary school enrollment,Education,% gross,112.5275,World Bank WDI
TUR,Turkiye,2021,SE.SEC.ENRR,Secondary school enrollment,Education,% gross,114.1473,World Bank WDI
TUR,Turkiye,2022,SE.SEC.ENRR,Secondary school enrollment,Education,% gross,116.0402,World Bank WDI
TUR,Turkiye,2023,SE.SEC.ENRR,Secondary school enrollment,Education,% gross,118.412,World Bank WDI
DZA,Algeria,1990,SE.TER.ENRR,Tertiary school enrollment,Education,% gross,10.071,World Bank WDI
DZA,Algeria,1991,SE.TER.ENRR,Tertiary school enrollment,Education,% gross,10.8018,World Bank WDI
DZA,Algeria,1992,SE.TER.ENRR,Tertiary school enrollment,Education,% gross,10.946,World Bank WDI
DZA,Algeria,1993,SE.TER.ENRR,Tertiary school enrollment,Education,% gross,10.8634,World Bank WDI
DZA,Algeria,1994,SE.TER.ENRR,Tertiary school enrollment,Education,% gross,10.4309,World Bank WDI
DZA,Algeria,1995,SE.TER.ENRR,Tertiary school enrollment,Education,% gross,10.2355,World Bank WDI
DZA,Algeria,1996,SE.TER.ENRR,Tertiary school enrollment,Education,% gross,11.6039,World Bank WDI
DZA,Algeria,1999,SE.TER.ENRR,Tertiary school enrollment,Education,% gross,13.6005,World Bank WDI
DZA,Algeria,2001,SE.TER.ENRR,Tertiary school enrollment,Education,% gross,15.2948,World Bank WDI
DZA,Algeria,2002,SE.TER.ENRR,Tertiary school enrollment,Education,% gross,16.9754,World Bank WDI
DZA,Algeria,2003,SE.TER.ENRR,Tertiary school enrollment,Education,% gross,18.2118,World Bank WDI
DZA,Algeria,2004,SE.TER.ENRR,Tertiary school enrollment,Education,% gross,18.8709,World Bank WDI
DZA,Algeria,2005,SE.TER.ENRR,Tertiary school enrollment,Education,% gross,20.7099,World Bank WDI
DZA,Algeria,2006,SE.TER.ENRR,Tertiary school enrollment,Education,% gross,21.3458,World Bank WDI
DZA,Algeria,2007,SE.TER.ENRR,Tertiary school enrollment,Education,% gross,23.5956,World Bank WDI
DZA,Algeria,2009,SE.TER.ENRR,Tertiary school enrollment,Education,% gross,30.5015,World Bank WDI
DZA,Algeria,2010,SE.TER.ENRR,Tertiary school enrollment,Education,% gross,30.7344,World Bank WDI
DZA,Algeria,2011,SE.TER.ENRR,Tertiary school enrollment,Education,% gross,32.3866,World Bank WDI
DZA,Algeria,2012,SE.TER.ENRR,Tertiary school enrollment,Education,% gross,33.5571,World Bank WDI
DZA,Algeria,2013,SE.TER.ENRR,Tertiary school enrollment,Education,% gross,35.4386,World Bank WDI
DZA,Algeria,2014,SE.TER.ENRR,Tertiary school enrollment,Education,% gross,36.0428,World Bank WDI
DZA,Algeria,2015,SE.TER.ENRR,Tertiary school enrollment,Education,% gross,38.2445,World Bank WDI
DZA,Algeria,2016,SE.TER.ENRR,Tertiary school enrollment,Education,% gross,43.9041,World Bank WDI
DZA,Algeria,2017,SE.TER.ENRR,Tertiary school enrollment,Education,% gross,49.1777,World Bank WDI
DZA,Algeria,2018,SE.TER.ENRR,Tertiary school enrollment,Education,% gross,52.8819,World Bank WDI
DZA,Algeria,2019,SE.TER.ENRR,Tertiary school enrollment,Education,% gross,53.8645,World Bank WDI
DZA,Algeria,2020,SE.TER.ENRR,Tertiary school enrollment,Education,% gross,53.3752,World Bank WDI
DZA,Algeria,2021,SE.TER.ENRR,Tertiary school enrollment,Education,% gross,54.2223,World Bank WDI
DZA,Algeria,2022,SE.TER.ENRR,Tertiary school enrollment,Education,% gross,53.3876,World Bank WDI
DZA,Algeria,2023,SE.TER.ENRR,Tertiary school enrollment,Education,% gross,55.532,World Bank WDI
DZA,Algeria,2024,SE.TER.ENRR,Tertiary school enrollment,Education,% gross,54.4283,World Bank WDI
EGY,"Egypt, Arab Rep.",1990,SE.TER.ENRR,Tertiary school enrollment,Education,% gross,13.5156,World Bank WDI
EGY,"Egypt, Arab Rep.",1991,SE.TER.ENRR,Tertiary school enrollment,Education,% gross,11.1729,World Bank WDI
EGY,"Egypt, Arab Rep.",1999,SE.TER.ENRR,Tertiary school enrollment,Education,% gross,28.6017,World Bank WDI
EGY,"Egypt, Arab Rep.",2001,SE.TER.ENRR,Tertiary school enrollment,Education,% gross,27.8923,World Bank WDI
EGY,"Egypt, Arab Rep.",2002,SE.TER.ENRR,Tertiary school enrollment,Education,% gross,28.9182,World Bank WDI
EGY,"Egypt, Arab Rep.",2003,SE.TER.ENRR,Tertiary school enrollment,Education,% gross,26.0245,World Bank WDI
EGY,"Egypt, Arab Rep.",2004,SE.TER.ENRR,Tertiary school enrollment,Education,% gross,27.2862,World Bank WDI
EGY,"Egypt, Arab Rep.",2005,SE.TER.ENRR,Tertiary school enrollment,Education,% gross,28.4127,World Bank WDI
EGY,"Egypt, Arab Rep.",2006,SE.TER.ENRR,Tertiary school enrollment,Education,% gross,28.3696,World Bank WDI
EGY,"Egypt, Arab Rep.",2007,SE.TER.ENRR,Tertiary school enrollment,Education,% gross,28.8399,World Bank WDI
EGY,"Egypt, Arab Rep.",2008,SE.TER.ENRR,Tertiary school enrollment,Education,% gross,28.6861,World Bank WDI
EGY,"Egypt, Arab Rep.",2009,SE.TER.ENRR,Tertiary school enrollment,Education,% gross,29.2693,World Bank WDI
EGY,"Egypt, Arab Rep.",2010,SE.TER.ENRR,Tertiary school enrollment,Education,% gross,30.0727,World Bank WDI
EGY,"Egypt, Arab Rep.",2011,SE.TER.ENRR,Tertiary school enrollment,Education,% gross,25.5902,World Bank WDI
EGY,"Egypt, Arab Rep.",2012,SE.TER.ENRR,Tertiary school enrollment,Education,% gross,26.2272,World Bank WDI
EGY,"Egypt, Arab Rep.",2013,SE.TER.ENRR,Tertiary school enrollment,Education,% gross,28.348,World Bank WDI
EGY,"Egypt, Arab Rep.",2014,SE.TER.ENRR,Tertiary school enrollment,Education,% gross,29.1134,World Bank WDI
EGY,"Egypt, Arab Rep.",2015,SE.TER.ENRR,Tertiary school enrollment,Education,% gross,32.8849,World Bank WDI
EGY,"Egypt, Arab Rep.",2016,SE.TER.ENRR,Tertiary school enrollment,Education,% gross,31.8731,World Bank WDI
EGY,"Egypt, Arab Rep.",2017,SE.TER.ENRR,Tertiary school enrollment,Education,% gross,33.1019,World Bank WDI
EGY,"Egypt, Arab Rep.",2018,SE.TER.ENRR,Tertiary school enrollment,Education,% gross,36.123,World Bank WDI
EGY,"Egypt, Arab Rep.",2019,SE.TER.ENRR,Tertiary school enrollment,Education,% gross,33.6228,World Bank WDI
EGY,"Egypt, Arab Rep.",2020,SE.TER.ENRR,Tertiary school enrollment,Education,% gross,38.774,World Bank WDI
EGY,"Egypt, Arab Rep.",2021,SE.TER.ENRR,Tertiary school enrollment,Education,% gross,35.1185,World Bank WDI
EGY,"Egypt, Arab Rep.",2022,SE.TER.ENRR,Tertiary school enrollment,Education,% gross,36.4622,World Bank WDI
EGY,"Egypt, Arab Rep.",2023,SE.TER.ENRR,Tertiary school enrollment,Education,% gross,37.9006,World Bank WDI
EGY,"Egypt, Arab Rep.",2024,SE.TER.ENRR,Tertiary school enrollment,Education,% gross,37.5781,World Bank WDI
EGY,"Egypt, Arab Rep.",2025,SE.TER.ENRR,Tertiary school enrollment,Education,% gross,38.0398,World Bank WDI
JOR,Jordan,1990,SE.TER.ENRR,Tertiary school enrollment,Education,% gross,19.6619,World Bank WDI
JOR,Jordan,1991,SE.TER.ENRR,Tertiary school enrollment,Education,% gross,19.5192,World Bank WDI
JOR,Jordan,1992,SE.TER.ENRR,Tertiary school enrollment,Education,% gross,19.4466,World Bank WDI
JOR,Jordan,1993,SE.TER.ENRR,Tertiary school enrollment,Education,% gross,19.5053,World Bank WDI
JOR,Jordan,1994,SE.TER.ENRR,Tertiary school enrollment,Education,% gross,18.2145,World Bank WDI
JOR,Jordan,1995,SE.TER.ENRR,Tertiary school enrollment,Education,% gross,18.0741,World Bank WDI
JOR,Jordan,1996,SE.TER.ENRR,Tertiary school enrollment,Education,% gross,20.2109,World Bank WDI
JOR,Jordan,1997,SE.TER.ENRR,Tertiary school enrollment,Education,% gross,23.0236,World Bank WDI
JOR,Jordan,2000,SE.TER.ENRR,Tertiary school enrollment,Education,% gross,28.7968,World Bank WDI
JOR,Jordan,2002,SE.TER.ENRR,Tertiary school enrollment,Education,% gross,32.2784,World Bank WDI
JOR,Jordan,2003,SE.TER.ENRR,Tertiary school enrollment,Education,% gross,36.0558,World Bank WDI
JOR,Jordan,2004,SE.TER.ENRR,Tertiary school enrollment,Education,% gross,40.4678,World Bank WDI
JOR,Jordan,2005,SE.TER.ENRR,Tertiary school enrollment,Education,% gross,39.7075,World Bank WDI
JOR,Jordan,2006,SE.TER.ENRR,Tertiary school enrollment,Education,% gross,37.8664,World Bank WDI
JOR,Jordan,2007,SE.TER.ENRR,Tertiary school enrollment,Education,% gross,38.7338,World Bank WDI
JOR,Jordan,2008,SE.TER.ENRR,Tertiary school enrollment,Education,% gross,41.3685,World Bank WDI
JOR,Jordan,2009,SE.TER.ENRR,Tertiary school enrollment,Education,% gross,42.063,World Bank WDI
JOR,Jordan,2010,SE.TER.ENRR,Tertiary school enrollment,Education,% gross,37.7581,World Bank WDI
JOR,Jordan,2011,SE.TER.ENRR,Tertiary school enrollment,Education,% gross,37.4216,World Bank WDI
JOR,Jordan,2012,SE.TER.ENRR,Tertiary school enrollment,Education,% gross,43.9161,World Bank WDI
JOR,Jordan,2015,SE.TER.ENRR,Tertiary school enrollment,Education,% gross,36.6284,World Bank WDI
JOR,Jordan,2016,SE.TER.ENRR,Tertiary school enrollment,Education,% gross,34.0613,World Bank WDI
JOR,Jordan,2017,SE.TER.ENRR,Tertiary school enrollment,Education,% gross,28.6211,World Bank WDI
JOR,Jordan,2018,SE.TER.ENRR,Tertiary school enrollment,Education,% gross,31.5563,World Bank WDI
JOR,Jordan,2019,SE.TER.ENRR,Tertiary school enrollment,Education,% gross,30.1108,World Bank WDI
JOR,Jordan,2020,SE.TER.ENRR,Tertiary school enrollment,Education,% gross,30.288,World Bank WDI
JOR,Jordan,2021,SE.TER.ENRR,Tertiary school enrollment,Education,% gross,30.4513,World Bank WDI
JOR,Jordan,2022,SE.TER.ENRR,Tertiary school enrollment,Education,% gross,32.512,World Bank WDI
JOR,Jordan,2023,SE.TER.ENRR,Tertiary school enrollment,Education,% gross,33.0567,World Bank WDI
JOR,Jordan,2024,SE.TER.ENRR,Tertiary school enrollment,Education,% gross,35.9184,World Bank WDI
MAR,Morocco,1990,SE.TER.ENRR,Tertiary school enrollment,Education,% gross,10.6728,World Bank WDI
MAR,Morocco,1991,SE.TER.ENRR,Tertiary school enrollment,Education,% gross,10.5483,World Bank WDI
MAR,Morocco,1992,SE.TER.ENRR,Tertiary school enrollment,Education,% gross,10.2783,World Bank WDI
MAR,Morocco,1993,SE.TER.ENRR,Tertiary school enrollment,Education,% gross,10.6426,World Bank WDI
MAR,Morocco,1994,SE.TER.ENRR,Tertiary school enrollment,Education,% gross,10.7795,World Bank WDI
MAR,Morocco,1995,SE.TER.ENRR,Tertiary school enrollment,Education,% gross,11.2645,World Bank WDI
MAR,Morocco,1997,SE.TER.ENRR,Tertiary school enrollment,Education,% gross,11.553,World Bank WDI
MAR,Morocco,1998,SE.TER.ENRR,Tertiary school enrollment,Education,% gross,9.1035,World Bank WDI
MAR,Morocco,1999,SE.TER.ENRR,Tertiary school enrollment,Education,% gross,9.5448,World Bank WDI
MAR,Morocco,2000,SE.TER.ENRR,Tertiary school enrollment,Education,% gross,10.1461,World Bank WDI
MAR,Morocco,2001,SE.TER.ENRR,Tertiary school enrollment,Education,% gross,10.5071,World Bank WDI
MAR,Morocco,2002,SE.TER.ENRR,Tertiary school enrollment,Education,% gross,10.6168,World Bank WDI
MAR,Morocco,2003,SE.TER.ENRR,Tertiary school enrollment,Education,% gross,11.0415,World Bank WDI
MAR,Morocco,2004,SE.TER.ENRR,Tertiary school enrollment,Education,% gross,11.1358,World Bank WDI
MAR,Morocco,2005,SE.TER.ENRR,Tertiary school enrollment,Education,% gross,11.6987,World Bank WDI
MAR,Morocco,2006,SE.TER.ENRR,Tertiary school enrollment,Education,% gross,12.1654,World Bank WDI
MAR,Morocco,2007,SE.TER.ENRR,Tertiary school enrollment,Education,% gross,11.6039,World Bank WDI
MAR,Morocco,2008,SE.TER.ENRR,Tertiary school enrollment,Education,% gross,12.6374,World Bank WDI
MAR,Morocco,2009,SE.TER.ENRR,Tertiary school enrollment,Education,% gross,13.0987,World Bank WDI
MAR,Morocco,2010,SE.TER.ENRR,Tertiary school enrollment,Education,% gross,13.9896,World Bank WDI
MAR,Morocco,2011,SE.TER.ENRR,Tertiary school enrollment,Education,% gross,15.854,World Bank WDI
MAR,Morocco,2012,SE.TER.ENRR,Tertiary school enrollment,Education,% gross,19.0472,World Bank WDI
MAR,Morocco,2013,SE.TER.ENRR,Tertiary school enrollment,Education,% gross,22.4069,World Bank WDI
MAR,Morocco,2014,SE.TER.ENRR,Tertiary school enrollment,Education,% gross,25.3112,World Bank WDI
MAR,Morocco,2015,SE.TER.ENRR,Tertiary school enrollment,Education,% gross,28.5519,World Bank WDI
MAR,Morocco,2016,SE.TER.ENRR,Tertiary school enrollment,Education,% gross,32.0953,World Bank WDI
MAR,Morocco,2017,SE.TER.ENRR,Tertiary school enrollment,Education,% gross,33.4735,World Bank WDI
MAR,Morocco,2018,SE.TER.ENRR,Tertiary school enrollment,Education,% gross,35.3192,World Bank WDI
MAR,Morocco,2019,SE.TER.ENRR,Tertiary school enrollment,Education,% gross,37.7212,World Bank WDI
MAR,Morocco,2020,SE.TER.ENRR,Tertiary school enrollment,Education,% gross,39.6858,World Bank WDI
MAR,Morocco,2021,SE.TER.ENRR,Tertiary school enrollment,Education,% gross,42.532,World Bank WDI
MAR,Morocco,2022,SE.TER.ENRR,Tertiary school enrollment,Education,% gross,45.94,World Bank WDI
MAR,Morocco,2023,SE.TER.ENRR,Tertiary school enrollment,Education,% gross,47.4687,World Bank WDI
MAR,Morocco,2024,SE.TER.ENRR,Tertiary school enrollment,Education,% gross,48.184,World Bank WDI
TUN,Tunisia,1990,SE.TER.ENRR,Tertiary school enrollment,Education,% gross,7.6367,World Bank WDI
TUN,Tunisia,1991,SE.TER.ENRR,Tertiary school enrollment,Education,% gross,8.3628,World Bank WDI
TUN,Tunisia,1992,SE.TER.ENRR,Tertiary school enrollment,Education,% gross,9.2115,World Bank WDI
TUN,Tunisia,1993,SE.TER.ENRR,Tertiary school enrollment,Education,% gross,10.3985,World Bank WDI
TUN,Tunisia,1994,SE.TER.ENRR,Tertiary school enrollment,Education,% gross,11.0246,World Bank WDI
TUN,Tunisia,1995,SE.TER.ENRR,Tertiary school enrollment,Education,% gross,11.4789,World Bank WDI
TUN,Tunisia,1996,SE.TER.ENRR,Tertiary school enrollment,Education,% gross,12.3349,World Bank WDI
TUN,Tunisia,1997,SE.TER.ENRR,Tertiary school enrollment,Education,% gross,13.0872,World Bank WDI
TUN,Tunisia,1998,SE.TER.ENRR,Tertiary school enrollment,Education,% gross,14.4664,World Bank WDI
TUN,Tunisia,1999,SE.TER.ENRR,Tertiary school enrollment,Education,% gross,16.0546,World Bank WDI
TUN,Tunisia,2000,SE.TER.ENRR,Tertiary school enrollment,Education,% gross,18.2473,World Bank WDI
TUN,Tunisia,2001,SE.TER.ENRR,Tertiary school enrollment,Education,% gross,20.5963,World Bank WDI
TUN,Tunisia,2002,SE.TER.ENRR,Tertiary school enrollment,Education,% gross,22.0571,World Bank WDI
TUN,Tunisia,2003,SE.TER.ENRR,Tertiary school enrollment,Education,% gross,25.9743,World Bank WDI
TUN,Tunisia,2004,SE.TER.ENRR,Tertiary school enrollment,Education,% gross,28.3221,World Bank WDI
TUN,Tunisia,2005,SE.TER.ENRR,Tertiary school enrollment,Education,% gross,30.4263,World Bank WDI
TUN,Tunisia,2006,SE.TER.ENRR,Tertiary school enrollment,Education,% gross,31.5885,World Bank WDI
TUN,Tunisia,2007,SE.TER.ENRR,Tertiary school enrollment,Education,% gross,32.1417,World Bank WDI
TUN,Tunisia,2008,SE.TER.ENRR,Tertiary school enrollment,Education,% gross,33.5827,World Bank WDI
TUN,Tunisia,2009,SE.TER.ENRR,Tertiary school enrollment,Education,% gross,35.3082,World Bank WDI
TUN,Tunisia,2010,SE.TER.ENRR,Tertiary school enrollment,Education,% gross,36.0425,World Bank WDI
TUN,Tunisia,2011,SE.TER.ENRR,Tertiary school enrollment,Education,% gross,35.9428,World Bank WDI
TUN,Tunisia,2012,SE.TER.ENRR,Tertiary school enrollment,Education,% gross,36.0693,World Bank WDI
TUN,Tunisia,2013,SE.TER.ENRR,Tertiary school enrollment,Education,% gross,34.213,World Bank WDI
TUN,Tunisia,2014,SE.TER.ENRR,Tertiary school enrollment,Education,% gross,33.7252,World Bank WDI
TUN,Tunisia,2015,SE.TER.ENRR,Tertiary school enrollment,Education,% gross,33.3739,World Bank WDI
TUN,Tunisia,2016,SE.TER.ENRR,Tertiary school enrollment,Education,% gross,31.2128,World Bank WDI
TUN,Tunisia,2017,SE.TER.ENRR,Tertiary school enrollment,Education,% gross,30.9277,World Bank WDI
TUN,Tunisia,2018,SE.TER.ENRR,Tertiary school enrollment,Education,% gross,30.9595,World Bank WDI
TUN,Tunisia,2019,SE.TER.ENRR,Tertiary school enrollment,Education,% gross,31.4411,World Bank WDI
TUN,Tunisia,2020,SE.TER.ENRR,Tertiary school enrollment,Education,% gross,32.5182,World Bank WDI
TUN,Tunisia,2021,SE.TER.ENRR,Tertiary school enrollment,Education,% gross,33.274,World Bank WDI
TUN,Tunisia,2022,SE.TER.ENRR,Tertiary school enrollment,Education,% gross,37.1277,World Bank WDI
TUN,Tunisia,2023,SE.TER.ENRR,Tertiary school enrollment,Education,% gross,38.1219,World Bank WDI
TUR,Turkiye,1990,SE.TER.ENRR,Tertiary school enrollment,Education,% gross,12.02,World Bank WDI
TUR,Turkiye,1991,SE.TER.ENRR,Tertiary school enrollment,Education,% gross,12.9068,World Bank WDI
TUR,Turkiye,1992,SE.TER.ENRR,Tertiary school enrollment,Education,% gross,13.7532,World Bank WDI
TUR,Turkiye,1993,SE.TER.ENRR,Tertiary school enrollment,Education,% gross,15.4898,World Bank WDI
TUR,Turkiye,1994,SE.TER.ENRR,Tertiary school enrollment,Education,% gross,18.9496,World Bank WDI
TUR,Turkiye,1995,SE.TER.ENRR,Tertiary school enrollment,Education,% gross,19.2497,World Bank WDI
TUR,Turkiye,1997,SE.TER.ENRR,Tertiary school enrollment,Education,% gross,22.7995,World Bank WDI
TUR,Turkiye,1998,SE.TER.ENRR,Tertiary school enrollment,Education,% gross,22.0011,World Bank WDI
TUR,Turkiye,1999,SE.TER.ENRR,Tertiary school enrollment,Education,% gross,22.4772,World Bank WDI
TUR,Turkiye,2001,SE.TER.ENRR,Tertiary school enrollment,Education,% gross,25.0385,World Bank WDI
TUR,Turkiye,2002,SE.TER.ENRR,Tertiary school enrollment,Education,% gross,25.9334,World Bank WDI
TUR,Turkiye,2003,SE.TER.ENRR,Tertiary school enrollment,Education,% gross,29.7211,World Bank WDI
TUR,Turkiye,2004,SE.TER.ENRR,Tertiary school enrollment,Education,% gross,30.7663,World Bank WDI
TUR,Turkiye,2005,SE.TER.ENRR,Tertiary school enrollment,Education,% gross,33.2225,World Bank WDI
TUR,Turkiye,2006,SE.TER.ENRR,Tertiary school enrollment,Education,% gross,37.3102,World Bank WDI
TUR,Turkiye,2007,SE.TER.ENRR,Tertiary school enrollment,Education,% gross,39.3874,World Bank WDI
TUR,Turkiye,2008,SE.TER.ENRR,Tertiary school enrollment,Education,% gross,40.773,World Bank WDI
TUR,Turkiye,2009,SE.TER.ENRR,Tertiary school enrollment,Education,% gross,46.9405,World Bank WDI
TUR,Turkiye,2010,SE.TER.ENRR,Tertiary school enrollment,Education,% gross,56.7506,World Bank WDI
TUR,Turkiye,2011,SE.TER.ENRR,Tertiary school enrollment,Education,% gross,61.5163,World Bank WDI
TUR,Turkiye,2012,SE.TER.ENRR,Tertiary school enrollment,Education,% gross,70.1045,World Bank WDI
TUR,Turkiye,2013,SE.TER.ENRR,Tertiary school enrollment,Education,% gross,79.647,World Bank WDI
TUR,Turkiye,2014,SE.TER.ENRR,Tertiary school enrollment,Education,% gross,86.9977,World Bank WDI
TUR,Turkiye,2015,SE.TER.ENRR,Tertiary school enrollment,Education,% gross,95.5645,World Bank WDI
TUR,Turkiye,2016,SE.TER.ENRR,Tertiary school enrollment,Education,% gross,103.7156,World Bank WDI
TUR,Turkiye,2017,SE.TER.ENRR,Tertiary school enrollment,Education,% gross,110.5341,World Bank WDI
TUR,Turkiye,2018,SE.TER.ENRR,Tertiary school enrollment,Education,% gross,115.4625,World Bank WDI
TUR,Turkiye,2019,SE.TER.ENRR,Tertiary school enrollment,Education,% gross,117.0055,World Bank WDI
TUR,Turkiye,2020,SE.TER.ENRR,Tertiary school enrollment,Education,% gross,118.8837,World Bank WDI
TUR,Turkiye,2021,SE.TER.ENRR,Tertiary school enrollment,Education,% gross,125.7638,World Bank WDI
TUR,Turkiye,2022,SE.TER.ENRR,Tertiary school enrollment,Education,% gross,127.578,World Bank WDI
TUR,Turkiye,2023,SE.TER.ENRR,Tertiary school enrollment,Education,% gross,105.8861,World Bank WDI
DZA,Algeria,2008,SE.XPD.TOTL.GD.ZS,Government education spending,Education,% of GDP,4.1114,World Bank WDI
DZA,Algeria,2010,SE.XPD.TOTL.GD.ZS,Government education spending,Education,% of GDP,8.6918,World Bank WDI
DZA,Algeria,2011,SE.XPD.TOTL.GD.ZS,Government education spending,Education,% of GDP,9.1245,World Bank WDI
DZA,Algeria,2012,SE.XPD.TOTL.GD.ZS,Government education spending,Education,% of GDP,7.0295,World Bank WDI
DZA,Algeria,2013,SE.XPD.TOTL.GD.ZS,Government education spending,Education,% of GDP,6.6591,World Bank WDI
DZA,Algeria,2014,SE.XPD.TOTL.GD.ZS,Government education spending,Education,% of GDP,6.5489,World Bank WDI
DZA,Algeria,2015,SE.XPD.TOTL.GD.ZS,Government education spending,Education,% of GDP,6.1763,World Bank WDI
DZA,Algeria,2016,SE.XPD.TOTL.GD.ZS,Government education spending,Education,% of GDP,6.5021,World Bank WDI
DZA,Algeria,2017,SE.XPD.TOTL.GD.ZS,Government education spending,Education,% of GDP,5.7348,World Bank WDI
DZA,Algeria,2018,SE.XPD.TOTL.GD.ZS,Government education spending,Education,% of GDP,5.8128,World Bank WDI
DZA,Algeria,2019,SE.XPD.TOTL.GD.ZS,Government education spending,Education,% of GDP,5.5754,World Bank WDI
DZA,Algeria,2020,SE.XPD.TOTL.GD.ZS,Government education spending,Education,% of GDP,6.1939,World Bank WDI
DZA,Algeria,2021,SE.XPD.TOTL.GD.ZS,Government education spending,Education,% of GDP,5.514,World Bank WDI
DZA,Algeria,2022,SE.XPD.TOTL.GD.ZS,Government education spending,Education,% of GDP,4.7492,World Bank WDI
DZA,Algeria,2023,SE.XPD.TOTL.GD.ZS,Government education spending,Education,% of GDP,5.6102,World Bank WDI
DZA,Algeria,2024,SE.XPD.TOTL.GD.ZS,Government education spending,Education,% of GDP,8.9777,World Bank WDI
EGY,"Egypt, Arab Rep.",1992,SE.XPD.TOTL.GD.ZS,Government education spending,Education,% of GDP,4.0507,World Bank WDI
EGY,"Egypt, Arab Rep.",1993,SE.XPD.TOTL.GD.ZS,Government education spending,Education,% of GDP,4.1977,World Bank WDI
EGY,"Egypt, Arab Rep.",1994,SE.XPD.TOTL.GD.ZS,Government education spending,Education,% of GDP,4.5838,World Bank WDI
EGY,"Egypt, Arab Rep.",1995,SE.XPD.TOTL.GD.ZS,Government education spending,Education,% of GDP,4.604,World Bank WDI
EGY,"Egypt, Arab Rep.",1996,SE.XPD.TOTL.GD.ZS,Government education spending,Education,% of GDP,4.6716,World Bank WDI
EGY,"Egypt, Arab Rep.",2003,SE.XPD.TOTL.GD.ZS,Government education spending,Education,% of GDP,4.9456,World Bank WDI
EGY,"Egypt, Arab Rep.",2004,SE.XPD.TOTL.GD.ZS,Government education spending,Education,% of GDP,4.6707,World Bank WDI
EGY,"Egypt, Arab Rep.",2005,SE.XPD.TOTL.GD.ZS,Government education spending,Education,% of GDP,4.7944,World Bank WDI
EGY,"Egypt, Arab Rep.",2006,SE.XPD.TOTL.GD.ZS,Government education spending,Education,% of GDP,4.0018,World Bank WDI
EGY,"Egypt, Arab Rep.",2007,SE.XPD.TOTL.GD.ZS,Government education spending,Education,% of GDP,3.6846,World Bank WDI
EGY,"Egypt, Arab Rep.",2008,SE.XPD.TOTL.GD.ZS,Government education spending,Education,% of GDP,3.7608,World Bank WDI
JOR,Jordan,1996,SE.XPD.TOTL.GD.ZS,Government education spending,Education,% of GDP,7.4769,World Bank WDI
JOR,Jordan,1997,SE.XPD.TOTL.GD.ZS,Government education spending,Education,% of GDP,6.3648,World Bank WDI
JOR,Jordan,1999,SE.XPD.TOTL.GD.ZS,Government education spending,Education,% of GDP,4.9437,World Bank WDI
JOR,Jordan,2010,SE.XPD.TOTL.GD.ZS,Government education spending,Education,% of GDP,3.1685,World Bank WDI
JOR,Jordan,2011,SE.XPD.TOTL.GD.ZS,Government education spending,Education,% of GDP,3.599,World Bank WDI
JOR,Jordan,2012,SE.XPD.TOTL.GD.ZS,Government education spending,Education,% of GDP,3.6372,World Bank WDI
JOR,Jordan,2013,SE.XPD.TOTL.GD.ZS,Government education spending,Education,% of GDP,3.7837,World Bank WDI
JOR,Jordan,2014,SE.XPD.TOTL.GD.ZS,Government education spending,Education,% of GDP,3.7669,World Bank WDI
JOR,Jordan,2015,SE.XPD.TOTL.GD.ZS,Government education spending,Education,% of GDP,3.7127,World Bank WDI
JOR,Jordan,2016,SE.XPD.TOTL.GD.ZS,Government education spending,Education,% of GDP,3.4528,World Bank WDI
JOR,Jordan,2017,SE.XPD.TOTL.GD.ZS,Government education spending,Education,% of GDP,3.2131,World Bank WDI
JOR,Jordan,2018,SE.XPD.TOTL.GD.ZS,Government education spending,Education,% of GDP,2.9546,World Bank WDI
JOR,Jordan,2019,SE.XPD.TOTL.GD.ZS,Government education spending,Education,% of GDP,2.9885,World Bank WDI
JOR,Jordan,2020,SE.XPD.TOTL.GD.ZS,Government education spending,Education,% of GDP,3.553,World Bank WDI
JOR,Jordan,2021,SE.XPD.TOTL.GD.ZS,Government education spending,Education,% of GDP,3.1384,World Bank WDI
JOR,Jordan,2022,SE.XPD.TOTL.GD.ZS,Government education spending,Education,% of GDP,3.153,World Bank WDI
JOR,Jordan,2023,SE.XPD.TOTL.GD.ZS,Government education spending,Education,% of GDP,3.5149,World Bank WDI
JOR,Jordan,2024,SE.XPD.TOTL.GD.ZS,Government education spending,Education,% of GDP,3.2336,World Bank WDI
MAR,Morocco,1990,SE.XPD.TOTL.GD.ZS,Government education spending,Education,% of GDP,4.5105,World Bank WDI
MAR,Morocco,1991,SE.XPD.TOTL.GD.ZS,Government education spending,Education,% of GDP,4.3032,World Bank WDI
MAR,Morocco,1993,SE.XPD.TOTL.GD.ZS,Government education spending,Education,% of GDP,4.825,World Bank WDI
MAR,Morocco,1995,SE.XPD.TOTL.GD.ZS,Government education spending,Education,% of GDP,4.7348,World Bank WDI
MAR,Morocco,1998,SE.XPD.TOTL.GD.ZS,Government education spending,Education,% of GDP,4.5994,World Bank WDI
MAR,Morocco,1999,SE.XPD.TOTL.GD.ZS,Government education spending,Education,% of GDP,4.6253,World Bank WDI
MAR,Morocco,2008,SE.XPD.TOTL.GD.ZS,Government education spending,Education,% of GDP,4.8534,World Bank WDI
MAR,Morocco,2009,SE.XPD.TOTL.GD.ZS,Government education spending,Education,% of GDP,4.8312,World Bank WDI
MAR,Morocco,2012,SE.XPD.TOTL.GD.ZS,Government education spending,Education,% of GDP,5.5529,World Bank WDI
MAR,Morocco,2014,SE.XPD.TOTL.GD.ZS,Government education spending,Education,% of GDP,5.4828,World Bank WDI
MAR,Morocco,2015,SE.XPD.TOTL.GD.ZS,Government education spending,Education,% of GDP,5.1334,World Bank WDI
MAR,Morocco,2016,SE.XPD.TOTL.GD.ZS,Government education spending,Education,% of GDP,5.0853,World Bank WDI
MAR,Morocco,2017,SE.XPD.TOTL.GD.ZS,Government education spending,Education,% of GDP,4.7356,World Bank WDI
MAR,Morocco,2018,SE.XPD.TOTL.GD.ZS,Government education spending,Education,% of GDP,4.9602,World Bank WDI
MAR,Morocco,2019,SE.XPD.TOTL.GD.ZS,Government education spending,Education,% of GDP,5.0033,World Bank WDI
MAR,Morocco,2020,SE.XPD.TOTL.GD.ZS,Government education spending,Education,% of GDP,6.2843,World Bank WDI
MAR,Morocco,2021,SE.XPD.TOTL.GD.ZS,Government education spending,Education,% of GDP,5.6427,World Bank WDI
MAR,Morocco,2022,SE.XPD.TOTL.GD.ZS,Government education spending,Education,% of GDP,5.9122,World Bank WDI
MAR,Morocco,2023,SE.XPD.TOTL.GD.ZS,Government education spending,Education,% of GDP,6.021,World Bank WDI
TUN,Tunisia,1990,SE.XPD.TOTL.GD.ZS,Government education spending,Education,% of GDP,5.7909,World Bank WDI
TUN,Tunisia,1991,SE.XPD.TOTL.GD.ZS,Government education spending,Education,% of GDP,6.0275,World Bank WDI
TUN,Tunisia,1992,SE.XPD.TOTL.GD.ZS,Government education spending,Education,% of GDP,5.7549,World Bank WDI
TUN,Tunisia,1993,SE.XPD.TOTL.GD.ZS,Government education spending,Education,% of GDP,5.9838,World Bank WDI
TUN,Tunisia,1994,SE.XPD.TOTL.GD.ZS,Government education spending,Education,% of GDP,6.1765,World Bank WDI
TUN,Tunisia,1995,SE.XPD.TOTL.GD.ZS,Government education spending,Education,% of GDP,6.4298,World Bank WDI
TUN,Tunisia,1996,SE.XPD.TOTL.GD.ZS,Government education spending,Education,% of GDP,6.2878,World Bank WDI
TUN,Tunisia,1997,SE.XPD.TOTL.GD.ZS,Government education spending,Education,% of GDP,6.679,World Bank WDI
TUN,Tunisia,1999,SE.XPD.TOTL.GD.ZS,Government education spending,Education,% of GDP,6.271,World Bank WDI
TUN,Tunisia,2000,SE.XPD.TOTL.GD.ZS,Government education spending,Education,% of GDP,6.202,World Bank WDI
TUN,Tunisia,2001,SE.XPD.TOTL.GD.ZS,Government education spending,Education,% of GDP,6.2018,World Bank WDI
TUN,Tunisia,2002,SE.XPD.TOTL.GD.ZS,Government education spending,Education,% of GDP,5.7901,World Bank WDI
TUN,Tunisia,2003,SE.XPD.TOTL.GD.ZS,Government education spending,Education,% of GDP,6.8168,World Bank WDI
TUN,Tunisia,2004,SE.XPD.TOTL.GD.ZS,Government education spending,Education,% of GDP,6.7208,World Bank WDI
TUN,Tunisia,2005,SE.XPD.TOTL.GD.ZS,Government education spending,Education,% of GDP,6.4516,World Bank WDI
TUN,Tunisia,2006,SE.XPD.TOTL.GD.ZS,Government education spending,Education,% of GDP,6.4388,World Bank WDI
TUN,Tunisia,2007,SE.XPD.TOTL.GD.ZS,Government education spending,Education,% of GDP,6.4645,World Bank WDI
TUN,Tunisia,2008,SE.XPD.TOTL.GD.ZS,Government education spending,Education,% of GDP,6.2716,World Bank WDI
TUN,Tunisia,2009,SE.XPD.TOTL.GD.ZS,Government education spending,Education,% of GDP,6.5285,World Bank WDI
TUN,Tunisia,2010,SE.XPD.TOTL.GD.ZS,Government education spending,Education,% of GDP,5.9631,World Bank WDI
TUN,Tunisia,2012,SE.XPD.TOTL.GD.ZS,Government education spending,Education,% of GDP,5.9509,World Bank WDI
TUN,Tunisia,2015,SE.XPD.TOTL.GD.ZS,Government education spending,Education,% of GDP,6.2204,World Bank WDI
TUN,Tunisia,2019,SE.XPD.TOTL.GD.ZS,Government education spending,Education,% of GDP,6.1737,World Bank WDI
TUN,Tunisia,2020,SE.XPD.TOTL.GD.ZS,Government education spending,Education,% of GDP,7.2651,World Bank WDI
TUN,Tunisia,2021,SE.XPD.TOTL.GD.ZS,Government education spending,Education,% of GDP,6.6798,World Bank WDI
TUN,Tunisia,2022,SE.XPD.TOTL.GD.ZS,Government education spending,Education,% of GDP,6.805,World Bank WDI
TUN,Tunisia,2023,SE.XPD.TOTL.GD.ZS,Government education spending,Education,% of GDP,6.734,World Bank WDI
TUR,Turkiye,1993,SE.XPD.TOTL.GD.ZS,Government education spending,Education,% of GDP,3.3655,World Bank WDI
TUR,Turkiye,1994,SE.XPD.TOTL.GD.ZS,Government education spending,Education,% of GDP,3.4248,World Bank WDI
TUR,Turkiye,1995,SE.XPD.TOTL.GD.ZS,Government education spending,Education,% of GDP,2.2511,World Bank WDI
TUR,Turkiye,1998,SE.XPD.TOTL.GD.ZS,Government education spending,Education,% of GDP,0.0,World Bank WDI
TUR,Turkiye,2011,SE.XPD.TOTL.GD.ZS,Government education spending,Education,% of GDP,4.2215,World Bank WDI
TUR,Turkiye,2012,SE.XPD.TOTL.GD.ZS,Government education spending,Education,% of GDP,4.3872,World Bank WDI
TUR,Turkiye,2013,SE.XPD.TOTL.GD.ZS,Government education spending,Education,% of GDP,4.3448,World Bank WDI
TUR,Turkiye,2014,SE.XPD.TOTL.GD.ZS,Government education spending,Education,% of GDP,4.4126,World Bank WDI
TUR,Turkiye,2015,SE.XPD.TOTL.GD.ZS,Government education spending,Education,% of GDP,4.3055,World Bank WDI
TUR,Turkiye,2016,SE.XPD.TOTL.GD.ZS,Government education spending,Education,% of GDP,4.6277,World Bank WDI
TUR,Turkiye,2017,SE.XPD.TOTL.GD.ZS,Government education spending,Education,% of GDP,4.3237,World Bank WDI
TUR,Turkiye,2018,SE.XPD.TOTL.GD.ZS,Government education spending,Education,% of GDP,4.2973,World Bank WDI
TUR,Turkiye,2019,SE.XPD.TOTL.GD.ZS,Government education spending,Education,% of GDP,4.4478,World Bank WDI
TUR,Turkiye,2020,SE.XPD.TOTL.GD.ZS,Government education spending,Education,% of GDP,4.0338,World Bank WDI
TUR,Turkiye,2021,SE.XPD.TOTL.GD.ZS,Government education spending,Education,% of GDP,3.5379,World Bank WDI
TUR,Turkiye,2022,SE.XPD.TOTL.GD.ZS,Government education spending,Education,% of GDP,3.0957,World Bank WDI
DZA,Algeria,1990,SH.STA.MMRT,Maternal mortality,Health,"per 100,000 live births",202.0,World Bank WDI
DZA,Algeria,1991,SH.STA.MMRT,Maternal mortality,Health,"per 100,000 live births",198.0,World Bank WDI
DZA,Algeria,1992,SH.STA.MMRT,Maternal mortality,Health,"per 100,000 live births",193.0,World Bank WDI
DZA,Algeria,1993,SH.STA.MMRT,Maternal mortality,Health,"per 100,000 live births",195.0,World Bank WDI
DZA,Algeria,1994,SH.STA.MMRT,Maternal mortality,Health,"per 100,000 live births",196.0,World Bank WDI
DZA,Algeria,1995,SH.STA.MMRT,Maternal mortality,Health,"per 100,000 live births",187.0,World Bank WDI
DZA,Algeria,1996,SH.STA.MMRT,Maternal mortality,Health,"per 100,000 live births",173.0,World Bank WDI
DZA,Algeria,1997,SH.STA.MMRT,Maternal mortality,Health,"per 100,000 live births",155.0,World Bank WDI
DZA,Algeria,1998,SH.STA.MMRT,Maternal mortality,Health,"per 100,000 live births",143.0,World Bank WDI
DZA,Algeria,1999,SH.STA.MMRT,Maternal mortality,Health,"per 100,000 live births",132.0,World Bank WDI
DZA,Algeria,2000,SH.STA.MMRT,Maternal mortality,Health,"per 100,000 live births",123.0,World Bank WDI
DZA,Algeria,2001,SH.STA.MMRT,Maternal mortality,Health,"per 100,000 live births",113.0,World Bank WDI
DZA,Algeria,2002,SH.STA.MMRT,Maternal mortality,Health,"per 100,000 live births",102.0,World Bank WDI
DZA,Algeria,2003,SH.STA.MMRT,Maternal mortality,Health,"per 100,000 live births",101.0,World Bank WDI
DZA,Algeria,2004,SH.STA.MMRT,Maternal mortality,Health,"per 100,000 live births",91.0,World Bank WDI
DZA,Algeria,2005,SH.STA.MMRT,Maternal mortality,Health,"per 100,000 live births",87.0,World Bank WDI
DZA,Algeria,2006,SH.STA.MMRT,Maternal mortality,Health,"per 100,000 live births",84.0,World Bank WDI
DZA,Algeria,2007,SH.STA.MMRT,Maternal mortality,Health,"per 100,000 live births",83.0,World Bank WDI
DZA,Algeria,2008,SH.STA.MMRT,Maternal mortality,Health,"per 100,000 live births",83.0,World Bank WDI
DZA,Algeria,2009,SH.STA.MMRT,Maternal mortality,Health,"per 100,000 live births",83.0,World Bank WDI
DZA,Algeria,2010,SH.STA.MMRT,Maternal mortality,Health,"per 100,000 live births",82.0,World Bank WDI
DZA,Algeria,2011,SH.STA.MMRT,Maternal mortality,Health,"per 100,000 live births",81.0,World Bank WDI
DZA,Algeria,2012,SH.STA.MMRT,Maternal mortality,Health,"per 100,000 live births",81.0,World Bank WDI
DZA,Algeria,2013,SH.STA.MMRT,Maternal mortality,Health,"per 100,000 live births",81.0,World Bank WDI
DZA,Algeria,2014,SH.STA.MMRT,Maternal mortality,Health,"per 100,000 live births",80.0,World Bank WDI
DZA,Algeria,2015,SH.STA.MMRT,Maternal mortality,Health,"per 100,000 live births",79.0,World Bank WDI
DZA,Algeria,2016,SH.STA.MMRT,Maternal mortality,Health,"per 100,000 live births",79.0,World Bank WDI
DZA,Algeria,2017,SH.STA.MMRT,Maternal mortality,Health,"per 100,000 live births",77.0,World Bank WDI
DZA,Algeria,2018,SH.STA.MMRT,Maternal mortality,Health,"per 100,000 live births",75.0,World Bank WDI
DZA,Algeria,2019,SH.STA.MMRT,Maternal mortality,Health,"per 100,000 live births",73.0,World Bank WDI
DZA,Algeria,2020,SH.STA.MMRT,Maternal mortality,Health,"per 100,000 live births",97.0,World Bank WDI
DZA,Algeria,2021,SH.STA.MMRT,Maternal mortality,Health,"per 100,000 live births",79.0,World Bank WDI
DZA,Algeria,2022,SH.STA.MMRT,Maternal mortality,Health,"per 100,000 live births",64.0,World Bank WDI
DZA,Algeria,2023,SH.STA.MMRT,Maternal mortality,Health,"per 100,000 live births",62.0,World Bank WDI
EGY,"Egypt, Arab Rep.",1990,SH.STA.MMRT,Maternal mortality,Health,"per 100,000 live births",107.0,World Bank WDI
EGY,"Egypt, Arab Rep.",1991,SH.STA.MMRT,Maternal mortality,Health,"per 100,000 live births",100.0,World Bank WDI
EGY,"Egypt, Arab Rep.",1992,SH.STA.MMRT,Maternal mortality,Health,"per 100,000 live births",93.0,World Bank WDI
EGY,"Egypt, Arab Rep.",1993,SH.STA.MMRT,Maternal mortality,Health,"per 100,000 live births",86.0,World Bank WDI
EGY,"Egypt, Arab Rep.",1994,SH.STA.MMRT,Maternal mortality,Health,"per 100,000 live births",81.0,World Bank WDI
EGY,"Egypt, Arab Rep.",1995,SH.STA.MMRT,Maternal mortality,Health,"per 100,000 live births",75.0,World Bank WDI
EGY,"Egypt, Arab Rep.",1996,SH.STA.MMRT,Maternal mortality,Health,"per 100,000 live births",69.0,World Bank WDI
EGY,"Egypt, Arab Rep.",1997,SH.STA.MMRT,Maternal mortality,Health,"per 100,000 live births",64.0,World Bank WDI
EGY,"Egypt, Arab Rep.",1998,SH.STA.MMRT,Maternal mortality,Health,"per 100,000 live births",60.0,World Bank WDI
EGY,"Egypt, Arab Rep.",1999,SH.STA.MMRT,Maternal mortality,Health,"per 100,000 live births",56.0,World Bank WDI
EGY,"Egypt, Arab Rep.",2000,SH.STA.MMRT,Maternal mortality,Health,"per 100,000 live births",53.0,World Bank WDI
EGY,"Egypt, Arab Rep.",2001,SH.STA.MMRT,Maternal mortality,Health,"per 100,000 live births",50.0,World Bank WDI
EGY,"Egypt, Arab Rep.",2002,SH.STA.MMRT,Maternal mortality,Health,"per 100,000 live births",48.0,World Bank WDI
EGY,"Egypt, Arab Rep.",2003,SH.STA.MMRT,Maternal mortality,Health,"per 100,000 live births",45.0,World Bank WDI
EGY,"Egypt, Arab Rep.",2004,SH.STA.MMRT,Maternal mortality,Health,"per 100,000 live births",43.0,World Bank WDI
EGY,"Egypt, Arab Rep.",2005,SH.STA.MMRT,Maternal mortality,Health,"per 100,000 live births",41.0,World Bank WDI
EGY,"Egypt, Arab Rep.",2006,SH.STA.MMRT,Maternal mortality,Health,"per 100,000 live births",40.0,World Bank WDI
EGY,"Egypt, Arab Rep.",2007,SH.STA.MMRT,Maternal mortality,Health,"per 100,000 live births",38.0,World Bank WDI
EGY,"Egypt, Arab Rep.",2008,SH.STA.MMRT,Maternal mortality,Health,"per 100,000 live births",36.0,World Bank WDI
EGY,"Egypt, Arab Rep.",2009,SH.STA.MMRT,Maternal mortality,Health,"per 100,000 live births",34.0,World Bank WDI
EGY,"Egypt, Arab Rep.",2010,SH.STA.MMRT,Maternal mortality,Health,"per 100,000 live births",32.0,World Bank WDI
EGY,"Egypt, Arab Rep.",2011,SH.STA.MMRT,Maternal mortality,Health,"per 100,000 live births",31.0,World Bank WDI
EGY,"Egypt, Arab Rep.",2012,SH.STA.MMRT,Maternal mortality,Health,"per 100,000 live births",29.0,World Bank WDI
EGY,"Egypt, Arab Rep.",2013,SH.STA.MMRT,Maternal mortality,Health,"per 100,000 live births",27.0,World Bank WDI
EGY,"Egypt, Arab Rep.",2014,SH.STA.MMRT,Maternal mortality,Health,"per 100,000 live births",26.0,World Bank WDI
EGY,"Egypt, Arab Rep.",2015,SH.STA.MMRT,Maternal mortality,Health,"per 100,000 live births",24.0,World Bank WDI
EGY,"Egypt, Arab Rep.",2016,SH.STA.MMRT,Maternal mortality,Health,"per 100,000 live births",23.0,World Bank WDI
EGY,"Egypt, Arab Rep.",2017,SH.STA.MMRT,Maternal mortality,Health,"per 100,000 live births",21.0,World Bank WDI
EGY,"Egypt, Arab Rep.",2018,SH.STA.MMRT,Maternal mortality,Health,"per 100,000 live births",20.0,World Bank WDI
EGY,"Egypt, Arab Rep.",2019,SH.STA.MMRT,Maternal mortality,Health,"per 100,000 live births",19.0,World Bank WDI
EGY,"Egypt, Arab Rep.",2020,SH.STA.MMRT,Maternal mortality,Health,"per 100,000 live births",31.0,World Bank WDI
EGY,"Egypt, Arab Rep.",2021,SH.STA.MMRT,Maternal mortality,Health,"per 100,000 live births",42.0,World Bank WDI
EGY,"Egypt, Arab Rep.",2022,SH.STA.MMRT,Maternal mortality,Health,"per 100,000 live births",24.0,World Bank WDI
EGY,"Egypt, Arab Rep.",2023,SH.STA.MMRT,Maternal mortality,Health,"per 100,000 live births",17.0,World Bank WDI
JOR,Jordan,1990,SH.STA.MMRT,Maternal mortality,Health,"per 100,000 live births",72.0,World Bank WDI
JOR,Jordan,1991,SH.STA.MMRT,Maternal mortality,Health,"per 100,000 live births",74.0,World Bank WDI
JOR,Jordan,1992,SH.STA.MMRT,Maternal mortality,Health,"per 100,000 live births",72.0,World Bank WDI
JOR,Jordan,1993,SH.STA.MMRT,Maternal mortality,Health,"per 100,000 live births",71.0,World Bank WDI
JOR,Jordan,1994,SH.STA.MMRT,Maternal mortality,Health,"per 100,000 live births",70.0,World Bank WDI
JOR,Jordan,1995,SH.STA.MMRT,Maternal mortality,Health,"per 100,000 live births",70.0,World Bank WDI
JOR,Jordan,1996,SH.STA.MMRT,Maternal mortality,Health,"per 100,000 live births",69.0,World Bank WDI
JOR,Jordan,1997,SH.STA.MMRT,Maternal mortality,Health,"per 100,000 live births",67.0,World Bank WDI
JOR,Jordan,1998,SH.STA.MMRT,Maternal mortality,Health,"per 100,000 live births",65.0,World Bank WDI
JOR,Jordan,1999,SH.STA.MMRT,Maternal mortality,Health,"per 100,000 live births",63.0,World Bank WDI
JOR,Jordan,2000,SH.STA.MMRT,Maternal mortality,Health,"per 100,000 live births",61.0,World Bank WDI
JOR,Jordan,2001,SH.STA.MMRT,Maternal mortality,Health,"per 100,000 live births",60.0,World Bank WDI
JOR,Jordan,2002,SH.STA.MMRT,Maternal mortality,Health,"per 100,000 live births",58.0,World Bank WDI
JOR,Jordan,2003,SH.STA.MMRT,Maternal mortality,Health,"per 100,000 live births",56.0,World Bank WDI
JOR,Jordan,2004,SH.STA.MMRT,Maternal mortality,Health,"per 100,000 live births",54.0,World Bank WDI
JOR,Jordan,2005,SH.STA.MMRT,Maternal mortality,Health,"per 100,000 live births",53.0,World Bank WDI
JOR,Jordan,2006,SH.STA.MMRT,Maternal mortality,Health,"per 100,000 live births",49.0,World Bank WDI
JOR,Jordan,2007,SH.STA.MMRT,Maternal mortality,Health,"per 100,000 live births",50.0,World Bank WDI
JOR,Jordan,2008,SH.STA.MMRT,Maternal mortality,Health,"per 100,000 live births",50.0,World Bank WDI
JOR,Jordan,2009,SH.STA.MMRT,Maternal mortality,Health,"per 100,000 live births",49.0,World Bank WDI
JOR,Jordan,2010,SH.STA.MMRT,Maternal mortality,Health,"per 100,000 live births",48.0,World Bank WDI
JOR,Jordan,2011,SH.STA.MMRT,Maternal mortality,Health,"per 100,000 live births",47.0,World Bank WDI
JOR,Jordan,2012,SH.STA.MMRT,Maternal mortality,Health,"per 100,000 live births",47.0,World Bank WDI
JOR,Jordan,2013,SH.STA.MMRT,Maternal mortality,Health,"per 100,000 live births",44.0,World Bank WDI
JOR,Jordan,2014,SH.STA.MMRT,Maternal mortality,Health,"per 100,000 live births",43.0,World Bank WDI
JOR,Jordan,2015,SH.STA.MMRT,Maternal mortality,Health,"per 100,000 live births",41.0,World Bank WDI
JOR,Jordan,2016,SH.STA.MMRT,Maternal mortality,Health,"per 100,000 live births",40.0,World Bank WDI
JOR,Jordan,2017,SH.STA.MMRT,Maternal mortality,Health,"per 100,000 live births",38.0,World Bank WDI
JOR,Jordan,2018,SH.STA.MMRT,Maternal mortality,Health,"per 100,000 live births",36.0,World Bank WDI
JOR,Jordan,2019,SH.STA.MMRT,Maternal mortality,Health,"per 100,000 live births",35.0,World Bank WDI
JOR,Jordan,2020,SH.STA.MMRT,Maternal mortality,Health,"per 100,000 live births",41.0,World Bank WDI
JOR,Jordan,2021,SH.STA.MMRT,Maternal mortality,Health,"per 100,000 live births",79.0,World Bank WDI
JOR,Jordan,2022,SH.STA.MMRT,Maternal mortality,Health,"per 100,000 live births",35.0,World Bank WDI
JOR,Jordan,2023,SH.STA.MMRT,Maternal mortality,Health,"per 100,000 live births",31.0,World Bank WDI
MAR,Morocco,1990,SH.STA.MMRT,Maternal mortality,Health,"per 100,000 live births",522.0,World Bank WDI
MAR,Morocco,1991,SH.STA.MMRT,Maternal mortality,Health,"per 100,000 live births",490.0,World Bank WDI
MAR,Morocco,1992,SH.STA.MMRT,Maternal mortality,Health,"per 100,000 live births",458.0,World Bank WDI
MAR,Morocco,1993,SH.STA.MMRT,Maternal mortality,Health,"per 100,000 live births",428.0,World Bank WDI
MAR,Morocco,1994,SH.STA.MMRT,Maternal mortality,Health,"per 100,000 live births",401.0,World Bank WDI
MAR,Morocco,1995,SH.STA.MMRT,Maternal mortality,Health,"per 100,000 live births",378.0,World Bank WDI
MAR,Morocco,1996,SH.STA.MMRT,Maternal mortality,Health,"per 100,000 live births",354.0,World Bank WDI
MAR,Morocco,1997,SH.STA.MMRT,Maternal mortality,Health,"per 100,000 live births",333.0,World Bank WDI
MAR,Morocco,1998,SH.STA.MMRT,Maternal mortality,Health,"per 100,000 live births",313.0,World Bank WDI
MAR,Morocco,1999,SH.STA.MMRT,Maternal mortality,Health,"per 100,000 live births",291.0,World Bank WDI
MAR,Morocco,2000,SH.STA.MMRT,Maternal mortality,Health,"per 100,000 live births",271.0,World Bank WDI
MAR,Morocco,2001,SH.STA.MMRT,Maternal mortality,Health,"per 100,000 live births",254.0,World Bank WDI
MAR,Morocco,2002,SH.STA.MMRT,Maternal mortality,Health,"per 100,000 live births",238.0,World Bank WDI
MAR,Morocco,2003,SH.STA.MMRT,Maternal mortality,Health,"per 100,000 live births",224.0,World Bank WDI
MAR,Morocco,2004,SH.STA.MMRT,Maternal mortality,Health,"per 100,000 live births",213.0,World Bank WDI
MAR,Morocco,2005,SH.STA.MMRT,Maternal mortality,Health,"per 100,000 live births",196.0,World Bank WDI
MAR,Morocco,2006,SH.STA.MMRT,Maternal mortality,Health,"per 100,000 live births",182.0,World Bank WDI
MAR,Morocco,2007,SH.STA.MMRT,Maternal mortality,Health,"per 100,000 live births",169.0,World Bank WDI
MAR,Morocco,2008,SH.STA.MMRT,Maternal mortality,Health,"per 100,000 live births",158.0,World Bank WDI
MAR,Morocco,2009,SH.STA.MMRT,Maternal mortality,Health,"per 100,000 live births",148.0,World Bank WDI
MAR,Morocco,2010,SH.STA.MMRT,Maternal mortality,Health,"per 100,000 live births",140.0,World Bank WDI
MAR,Morocco,2011,SH.STA.MMRT,Maternal mortality,Health,"per 100,000 live births",130.0,World Bank WDI
MAR,Morocco,2012,SH.STA.MMRT,Maternal mortality,Health,"per 100,000 live births",121.0,World Bank WDI
MAR,Morocco,2013,SH.STA.MMRT,Maternal mortality,Health,"per 100,000 live births",113.0,World Bank WDI
MAR,Morocco,2014,SH.STA.MMRT,Maternal mortality,Health,"per 100,000 live births",106.0,World Bank WDI
MAR,Morocco,2015,SH.STA.MMRT,Maternal mortality,Health,"per 100,000 live births",100.0,World Bank WDI
MAR,Morocco,2016,SH.STA.MMRT,Maternal mortality,Health,"per 100,000 live births",94.0,World Bank WDI
MAR,Morocco,2017,SH.STA.MMRT,Maternal mortality,Health,"per 100,000 live births",88.0,World Bank WDI
MAR,Morocco,2018,SH.STA.MMRT,Maternal mortality,Health,"per 100,000 live births",83.0,World Bank WDI
MAR,Morocco,2019,SH.STA.MMRT,Maternal mortality,Health,"per 100,000 live births",79.0,World Bank WDI
MAR,Morocco,2020,SH.STA.MMRT,Maternal mortality,Health,"per 100,000 live births",81.0,World Bank WDI
MAR,Morocco,2021,SH.STA.MMRT,Maternal mortality,Health,"per 100,000 live births",92.0,World Bank WDI
MAR,Morocco,2022,SH.STA.MMRT,Maternal mortality,Health,"per 100,000 live births",71.0,World Bank WDI
MAR,Morocco,2023,SH.STA.MMRT,Maternal mortality,Health,"per 100,000 live births",70.0,World Bank WDI
TUN,Tunisia,1990,SH.STA.MMRT,Maternal mortality,Health,"per 100,000 live births",85.0,World Bank WDI
TUN,Tunisia,1991,SH.STA.MMRT,Maternal mortality,Health,"per 100,000 live births",83.0,World Bank WDI
TUN,Tunisia,1992,SH.STA.MMRT,Maternal mortality,Health,"per 100,000 live births",82.0,World Bank WDI
TUN,Tunisia,1993,SH.STA.MMRT,Maternal mortality,Health,"per 100,000 live births",80.0,World Bank WDI
TUN,Tunisia,1994,SH.STA.MMRT,Maternal mortality,Health,"per 100,000 live births",77.0,World Bank WDI
TUN,Tunisia,1995,SH.STA.MMRT,Maternal mortality,Health,"per 100,000 live births",73.0,World Bank WDI
TUN,Tunisia,1996,SH.STA.MMRT,Maternal mortality,Health,"per 100,000 live births",68.0,World Bank WDI
TUN,Tunisia,1997,SH.STA.MMRT,Maternal mortality,Health,"per 100,000 live births",64.0,World Bank WDI
TUN,Tunisia,1998,SH.STA.MMRT,Maternal mortality,Health,"per 100,000 live births",60.0,World Bank WDI
TUN,Tunisia,1999,SH.STA.MMRT,Maternal mortality,Health,"per 100,000 live births",57.0,World Bank WDI
TUN,Tunisia,2000,SH.STA.MMRT,Maternal mortality,Health,"per 100,000 live births",56.0,World Bank WDI
TUN,Tunisia,2001,SH.STA.MMRT,Maternal mortality,Health,"per 100,000 live births",55.0,World Bank WDI
TUN,Tunisia,2002,SH.STA.MMRT,Maternal mortality,Health,"per 100,000 live births",53.0,World Bank WDI
TUN,Tunisia,2003,SH.STA.MMRT,Maternal mortality,Health,"per 100,000 live births",52.0,World Bank WDI
TUN,Tunisia,2004,SH.STA.MMRT,Maternal mortality,Health,"per 100,000 live births",50.0,World Bank WDI
TUN,Tunisia,2005,SH.STA.MMRT,Maternal mortality,Health,"per 100,000 live births",49.0,World Bank WDI
TUN,Tunisia,2006,SH.STA.MMRT,Maternal mortality,Health,"per 100,000 live births",48.0,World Bank WDI
TUN,Tunisia,2007,SH.STA.MMRT,Maternal mortality,Health,"per 100,000 live births",46.0,World Bank WDI
TUN,Tunisia,2008,SH.STA.MMRT,Maternal mortality,Health,"per 100,000 live births",45.0,World Bank WDI
TUN,Tunisia,2009,SH.STA.MMRT,Maternal mortality,Health,"per 100,000 live births",44.0,World Bank WDI
TUN,Tunisia,2010,SH.STA.MMRT,Maternal mortality,Health,"per 100,000 live births",44.0,World Bank WDI
TUN,Tunisia,2011,SH.STA.MMRT,Maternal mortality,Health,"per 100,000 live births",44.0,World Bank WDI
TUN,Tunisia,2012,SH.STA.MMRT,Maternal mortality,Health,"per 100,000 live births",43.0,World Bank WDI
TUN,Tunisia,2013,SH.STA.MMRT,Maternal mortality,Health,"per 100,000 live births",43.0,World Bank WDI
TUN,Tunisia,2014,SH.STA.MMRT,Maternal mortality,Health,"per 100,000 live births",42.0,World Bank WDI
TUN,Tunisia,2015,SH.STA.MMRT,Maternal mortality,Health,"per 100,000 live births",40.0,World Bank WDI
TUN,Tunisia,2016,SH.STA.MMRT,Maternal mortality,Health,"per 100,000 live births",39.0,World Bank WDI
TUN,Tunisia,2017,SH.STA.MMRT,Maternal mortality,Health,"per 100,000 live births",38.0,World Bank WDI
TUN,Tunisia,2018,SH.STA.MMRT,Maternal mortality,Health,"per 100,000 live births",38.0,World Bank WDI
TUN,Tunisia,2019,SH.STA.MMRT,Maternal mortality,Health,"per 100,000 live births",37.0,World Bank WDI
TUN,Tunisia,2020,SH.STA.MMRT,Maternal mortality,Health,"per 100,000 live births",40.0,World Bank WDI
TUN,Tunisia,2021,SH.STA.MMRT,Maternal mortality,Health,"per 100,000 live births",65.0,World Bank WDI
TUN,Tunisia,2022,SH.STA.MMRT,Maternal mortality,Health,"per 100,000 live births",38.0,World Bank WDI
TUN,Tunisia,2023,SH.STA.MMRT,Maternal mortality,Health,"per 100,000 live births",36.0,World Bank WDI
TUR,Turkiye,1990,SH.STA.MMRT,Maternal mortality,Health,"per 100,000 live births",42.0,World Bank WDI
TUR,Turkiye,1991,SH.STA.MMRT,Maternal mortality,Health,"per 100,000 live births",41.0,World Bank WDI
TUR,Turkiye,1992,SH.STA.MMRT,Maternal mortality,Health,"per 100,000 live births",40.0,World Bank WDI
TUR,Turkiye,1993,SH.STA.MMRT,Maternal mortality,Health,"per 100,000 live births",39.0,World Bank WDI
TUR,Turkiye,1994,SH.STA.MMRT,Maternal mortality,Health,"per 100,000 live births",38.0,World Bank WDI
TUR,Turkiye,1995,SH.STA.MMRT,Maternal mortality,Health,"per 100,000 live births",37.0,World Bank WDI
TUR,Turkiye,1996,SH.STA.MMRT,Maternal mortality,Health,"per 100,000 live births",36.0,World Bank WDI
TUR,Turkiye,1997,SH.STA.MMRT,Maternal mortality,Health,"per 100,000 live births",35.0,World Bank WDI
TUR,Turkiye,1998,SH.STA.MMRT,Maternal mortality,Health,"per 100,000 live births",34.0,World Bank WDI
TUR,Turkiye,1999,SH.STA.MMRT,Maternal mortality,Health,"per 100,000 live births",34.0,World Bank WDI
TUR,Turkiye,2000,SH.STA.MMRT,Maternal mortality,Health,"per 100,000 live births",32.0,World Bank WDI
TUR,Turkiye,2001,SH.STA.MMRT,Maternal mortality,Health,"per 100,000 live births",31.0,World Bank WDI
TUR,Turkiye,2002,SH.STA.MMRT,Maternal mortality,Health,"per 100,000 live births",30.0,World Bank WDI
TUR,Turkiye,2003,SH.STA.MMRT,Maternal mortality,Health,"per 100,000 live births",29.0,World Bank WDI
TUR,Turkiye,2004,SH.STA.MMRT,Maternal mortality,Health,"per 100,000 live births",28.0,World Bank WDI
TUR,Turkiye,2005,SH.STA.MMRT,Maternal mortality,Health,"per 100,000 live births",27.0,World Bank WDI
TUR,Turkiye,2006,SH.STA.MMRT,Maternal mortality,Health,"per 100,000 live births",26.0,World Bank WDI
TUR,Turkiye,2007,SH.STA.MMRT,Maternal mortality,Health,"per 100,000 live births",25.0,World Bank WDI
TUR,Turkiye,2008,SH.STA.MMRT,Maternal mortality,Health,"per 100,000 live births",24.0,World Bank WDI
TUR,Turkiye,2009,SH.STA.MMRT,Maternal mortality,Health,"per 100,000 live births",23.0,World Bank WDI
TUR,Turkiye,2010,SH.STA.MMRT,Maternal mortality,Health,"per 100,000 live births",23.0,World Bank WDI
TUR,Turkiye,2011,SH.STA.MMRT,Maternal mortality,Health,"per 100,000 live births",23.0,World Bank WDI
TUR,Turkiye,2012,SH.STA.MMRT,Maternal mortality,Health,"per 100,000 live births",21.0,World Bank WDI
TUR,Turkiye,2013,SH.STA.MMRT,Maternal mortality,Health,"per 100,000 live births",20.0,World Bank WDI
TUR,Turkiye,2014,SH.STA.MMRT,Maternal mortality,Health,"per 100,000 live births",20.0,World Bank WDI
TUR,Turkiye,2015,SH.STA.MMRT,Maternal mortality,Health,"per 100,000 live births",19.0,World Bank WDI
TUR,Turkiye,2016,SH.STA.MMRT,Maternal mortality,Health,"per 100,000 live births",19.0,World Bank WDI
TUR,Turkiye,2017,SH.STA.MMRT,Maternal mortality,Health,"per 100,000 live births",18.0,World Bank WDI
TUR,Turkiye,2018,SH.STA.MMRT,Maternal mortality,Health,"per 100,000 live births",17.0,World Bank WDI
TUR,Turkiye,2019,SH.STA.MMRT,Maternal mortality,Health,"per 100,000 live births",17.0,World Bank WDI
TUR,Turkiye,2020,SH.STA.MMRT,Maternal mortality,Health,"per 100,000 live births",19.0,World Bank WDI
TUR,Turkiye,2021,SH.STA.MMRT,Maternal mortality,Health,"per 100,000 live births",20.0,World Bank WDI
TUR,Turkiye,2022,SH.STA.MMRT,Maternal mortality,Health,"per 100,000 live births",21.0,World Bank WDI
TUR,Turkiye,2023,SH.STA.MMRT,Maternal mortality,Health,"per 100,000 live births",15.0,World Bank WDI
DZA,Algeria,2000,SH.XPD.CHEX.GD.ZS,Current health spending,Health,% of GDP,3.2149,World Bank WDI
DZA,Algeria,2001,SH.XPD.CHEX.GD.ZS,Current health spending,Health,% of GDP,3.5363,World Bank WDI
DZA,Algeria,2002,SH.XPD.CHEX.GD.ZS,Current health spending,Health,% of GDP,3.4417,World Bank WDI
DZA,Algeria,2003,SH.XPD.CHEX.GD.ZS,Current health spending,Health,% of GDP,3.3257,World Bank WDI
DZA,Algeria,2004,SH.XPD.CHEX.GD.ZS,Current health spending,Health,% of GDP,3.2903,World Bank WDI
DZA,Algeria,2005,SH.XPD.CHEX.GD.ZS,Current health spending,Health,% of GDP,3.1189,World Bank WDI
DZA,Algeria,2006,SH.XPD.CHEX.GD.ZS,Current health spending,Health,% of GDP,3.19,World Bank WDI
DZA,Algeria,2007,SH.XPD.CHEX.GD.ZS,Current health spending,Health,% of GDP,3.6201,World Bank WDI
DZA,Algeria,2008,SH.XPD.CHEX.GD.ZS,Current health spending,Health,% of GDP,3.9833,World Bank WDI
DZA,Algeria,2009,SH.XPD.CHEX.GD.ZS,Current health spending,Health,% of GDP,4.8921,World Bank WDI
DZA,Algeria,2010,SH.XPD.CHEX.GD.ZS,Current health spending,Health,% of GDP,4.64,World Bank WDI
DZA,Algeria,2011,SH.XPD.CHEX.GD.ZS,Current health spending,Health,% of GDP,4.8257,World Bank WDI
DZA,Algeria,2012,SH.XPD.CHEX.GD.ZS,Current health spending,Health,% of GDP,5.6366,World Bank WDI
DZA,Algeria,2013,SH.XPD.CHEX.GD.ZS,Current health spending,Health,% of GDP,5.6454,World Bank WDI
DZA,Algeria,2014,SH.XPD.CHEX.GD.ZS,Current health spending,Health,% of GDP,6.0148,World Bank WDI
DZA,Algeria,2015,SH.XPD.CHEX.GD.ZS,Current health spending,Health,% of GDP,6.3344,World Bank WDI
DZA,Algeria,2016,SH.XPD.CHEX.GD.ZS,Current health spending,Health,% of GDP,6.0008,World Bank WDI
DZA,Algeria,2017,SH.XPD.CHEX.GD.ZS,Current health spending,Health,% of GDP,5.9485,World Bank WDI
DZA,Algeria,2018,SH.XPD.CHEX.GD.ZS,Current health spending,Health,% of GDP,5.9324,World Bank WDI
DZA,Algeria,2019,SH.XPD.CHEX.GD.ZS,Current health spending,Health,% of GDP,5.4173,World Bank WDI
DZA,Algeria,2020,SH.XPD.CHEX.GD.ZS,Current health spending,Health,% of GDP,5.6383,World Bank WDI
DZA,Algeria,2021,SH.XPD.CHEX.GD.ZS,Current health spending,Health,% of GDP,5.0219,World Bank WDI
DZA,Algeria,2022,SH.XPD.CHEX.GD.ZS,Current health spending,Health,% of GDP,3.6346,World Bank WDI
DZA,Algeria,2023,SH.XPD.CHEX.GD.ZS,Current health spending,Health,% of GDP,4.3508,World Bank WDI
EGY,"Egypt, Arab Rep.",2000,SH.XPD.CHEX.GD.ZS,Current health spending,Health,% of GDP,4.9224,World Bank WDI
EGY,"Egypt, Arab Rep.",2001,SH.XPD.CHEX.GD.ZS,Current health spending,Health,% of GDP,5.4003,World Bank WDI
EGY,"Egypt, Arab Rep.",2002,SH.XPD.CHEX.GD.ZS,Current health spending,Health,% of GDP,5.5107,World Bank WDI
EGY,"Egypt, Arab Rep.",2003,SH.XPD.CHEX.GD.ZS,Current health spending,Health,% of GDP,5.2243,World Bank WDI
EGY,"Egypt, Arab Rep.",2004,SH.XPD.CHEX.GD.ZS,Current health spending,Health,% of GDP,4.8573,World Bank WDI
EGY,"Egypt, Arab Rep.",2005,SH.XPD.CHEX.GD.ZS,Current health spending,Health,% of GDP,4.9223,World Bank WDI
EGY,"Egypt, Arab Rep.",2006,SH.XPD.CHEX.GD.ZS,Current health spending,Health,% of GDP,4.8419,World Bank WDI
EGY,"Egypt, Arab Rep.",2007,SH.XPD.CHEX.GD.ZS,Current health spending,Health,% of GDP,4.4449,World Bank WDI
EGY,"Egypt, Arab Rep.",2008,SH.XPD.CHEX.GD.ZS,Current health spending,Health,% of GDP,4.4663,World Bank WDI
EGY,"Egypt, Arab Rep.",2009,SH.XPD.CHEX.GD.ZS,Current health spending,Health,% of GDP,4.3787,World Bank WDI
EGY,"Egypt, Arab Rep.",2010,SH.XPD.CHEX.GD.ZS,Current health spending,Health,% of GDP,4.1532,World Bank WDI
EGY,"Egypt, Arab Rep.",2011,SH.XPD.CHEX.GD.ZS,Current health spending,Health,% of GDP,4.3571,World Bank WDI
EGY,"Egypt, Arab Rep.",2012,SH.XPD.CHEX.GD.ZS,Current health spending,Health,% of GDP,4.4589,World Bank WDI
EGY,"Egypt, Arab Rep.",2013,SH.XPD.CHEX.GD.ZS,Current health spending,Health,% of GDP,4.671,World Bank WDI
EGY,"Egypt, Arab Rep.",2014,SH.XPD.CHEX.GD.ZS,Current health spending,Health,% of GDP,4.7742,World Bank WDI
EGY,"Egypt, Arab Rep.",2015,SH.XPD.CHEX.GD.ZS,Current health spending,Health,% of GDP,5.0615,World Bank WDI
EGY,"Egypt, Arab Rep.",2016,SH.XPD.CHEX.GD.ZS,Current health spending,Health,% of GDP,5.0746,World Bank WDI
EGY,"Egypt, Arab Rep.",2017,SH.XPD.CHEX.GD.ZS,Current health spending,Health,% of GDP,5.3466,World Bank WDI
EGY,"Egypt, Arab Rep.",2018,SH.XPD.CHEX.GD.ZS,Current health spending,Health,% of GDP,4.7489,World Bank WDI
EGY,"Egypt, Arab Rep.",2019,SH.XPD.CHEX.GD.ZS,Current health spending,Health,% of GDP,4.5995,World Bank WDI
EGY,"Egypt, Arab Rep.",2020,SH.XPD.CHEX.GD.ZS,Current health spending,Health,% of GDP,4.1538,World Bank WDI
EGY,"Egypt, Arab Rep.",2021,SH.XPD.CHEX.GD.ZS,Current health spending,Health,% of GDP,4.6096,World Bank WDI
EGY,"Egypt, Arab Rep.",2022,SH.XPD.CHEX.GD.ZS,Current health spending,Health,% of GDP,4.7236,World Bank WDI
EGY,"Egypt, Arab Rep.",2023,SH.XPD.CHEX.GD.ZS,Current health spending,Health,% of GDP,4.8845,World Bank WDI
JOR,Jordan,2000,SH.XPD.CHEX.GD.ZS,Current health spending,Health,% of GDP,9.3437,World Bank WDI
JOR,Jordan,2001,SH.XPD.CHEX.GD.ZS,Current health spending,Health,% of GDP,9.5724,World Bank WDI
JOR,Jordan,2002,SH.XPD.CHEX.GD.ZS,Current health spending,Health,% of GDP,9.2786,World Bank WDI
JOR,Jordan,2003,SH.XPD.CHEX.GD.ZS,Current health spending,Health,% of GDP,8.789,World Bank WDI
JOR,Jordan,2004,SH.XPD.CHEX.GD.ZS,Current health spending,Health,% of GDP,8.7467,World Bank WDI
JOR,Jordan,2005,SH.XPD.CHEX.GD.ZS,Current health spending,Health,% of GDP,8.4944,World Bank WDI
JOR,Jordan,2006,SH.XPD.CHEX.GD.ZS,Current health spending,Health,% of GDP,7.6793,World Bank WDI
JOR,Jordan,2007,SH.XPD.CHEX.GD.ZS,Current health spending,Health,% of GDP,7.9098,World Bank WDI
JOR,Jordan,2008,SH.XPD.CHEX.GD.ZS,Current health spending,Health,% of GDP,8.4888,World Bank WDI
JOR,Jordan,2009,SH.XPD.CHEX.GD.ZS,Current health spending,Health,% of GDP,9.224,World Bank WDI
JOR,Jordan,2010,SH.XPD.CHEX.GD.ZS,Current health spending,Health,% of GDP,8.1703,World Bank WDI
JOR,Jordan,2011,SH.XPD.CHEX.GD.ZS,Current health spending,Health,% of GDP,8.1481,World Bank WDI
JOR,Jordan,2012,SH.XPD.CHEX.GD.ZS,Current health spending,Health,% of GDP,7.818,World Bank WDI
JOR,Jordan,2013,SH.XPD.CHEX.GD.ZS,Current health spending,Health,% of GDP,7.1659,World Bank WDI
JOR,Jordan,2014,SH.XPD.CHEX.GD.ZS,Current health spending,Health,% of GDP,7.2089,World Bank WDI
JOR,Jordan,2015,SH.XPD.CHEX.GD.ZS,Current health spending,Health,% of GDP,7.461,World Bank WDI
JOR,Jordan,2016,SH.XPD.CHEX.GD.ZS,Current health spending,Health,% of GDP,6.9764,World Bank WDI
JOR,Jordan,2017,SH.XPD.CHEX.GD.ZS,Current health spending,Health,% of GDP,7.1095,World Bank WDI
JOR,Jordan,2018,SH.XPD.CHEX.GD.ZS,Current health spending,Health,% of GDP,6.983,World Bank WDI
JOR,Jordan,2019,SH.XPD.CHEX.GD.ZS,Current health spending,Health,% of GDP,7.0724,World Bank WDI
JOR,Jordan,2020,SH.XPD.CHEX.GD.ZS,Current health spending,Health,% of GDP,7.5455,World Bank WDI
JOR,Jordan,2021,SH.XPD.CHEX.GD.ZS,Current health spending,Health,% of GDP,7.6973,World Bank WDI
JOR,Jordan,2022,SH.XPD.CHEX.GD.ZS,Current health spending,Health,% of GDP,7.7362,World Bank WDI
JOR,Jordan,2023,SH.XPD.CHEX.GD.ZS,Current health spending,Health,% of GDP,7.66,World Bank WDI
MAR,Morocco,2000,SH.XPD.CHEX.GD.ZS,Current health spending,Health,% of GDP,3.693,World Bank WDI
MAR,Morocco,2001,SH.XPD.CHEX.GD.ZS,Current health spending,Health,% of GDP,3.816,World Bank WDI
MAR,Morocco,2002,SH.XPD.CHEX.GD.ZS,Current health spending,Health,% of GDP,4.0612,World Bank WDI
MAR,Morocco,2003,SH.XPD.CHEX.GD.ZS,Current health spending,Health,% of GDP,4.0804,World Bank WDI
MAR,Morocco,2004,SH.XPD.CHEX.GD.ZS,Current health spending,Health,% of GDP,4.2321,World Bank WDI
MAR,Morocco,2005,SH.XPD.CHEX.GD.ZS,Current health spending,Health,% of GDP,4.3735,World Bank WDI
MAR,Morocco,2006,SH.XPD.CHEX.GD.ZS,Current health spending,Health,% of GDP,4.5659,World Bank WDI
MAR,Morocco,2007,SH.XPD.CHEX.GD.ZS,Current health spending,Health,% of GDP,4.8076,World Bank WDI
MAR,Morocco,2008,SH.XPD.CHEX.GD.ZS,Current health spending,Health,% of GDP,4.8379,World Bank WDI
MAR,Morocco,2009,SH.XPD.CHEX.GD.ZS,Current health spending,Health,% of GDP,5.2731,World Bank WDI
MAR,Morocco,2010,SH.XPD.CHEX.GD.ZS,Current health spending,Health,% of GDP,5.4186,World Bank WDI
MAR,Morocco,2011,SH.XPD.CHEX.GD.ZS,Current health spending,Health,% of GDP,5.3702,World Bank WDI
MAR,Morocco,2012,SH.XPD.CHEX.GD.ZS,Current health spending,Health,% of GDP,5.3962,World Bank WDI
MAR,Morocco,2013,SH.XPD.CHEX.GD.ZS,Current health spending,Health,% of GDP,5.2554,World Bank WDI
MAR,Morocco,2014,SH.XPD.CHEX.GD.ZS,Current health spending,Health,% of GDP,5.4163,World Bank WDI
MAR,Morocco,2015,SH.XPD.CHEX.GD.ZS,Current health spending,Health,% of GDP,5.1044,World Bank WDI
MAR,Morocco,2016,SH.XPD.CHEX.GD.ZS,Current health spending,Health,% of GDP,5.092,World Bank WDI
MAR,Morocco,2017,SH.XPD.CHEX.GD.ZS,Current health spending,Health,% of GDP,4.9892,World Bank WDI
MAR,Morocco,2018,SH.XPD.CHEX.GD.ZS,Current health spending,Health,% of GDP,4.9452,World Bank WDI
MAR,Morocco,2019,SH.XPD.CHEX.GD.ZS,Current health spending,Health,% of GDP,5.0204,World Bank WDI
MAR,Morocco,2020,SH.XPD.CHEX.GD.ZS,Current health spending,Health,% of GDP,5.7894,World Bank WDI
MAR,Morocco,2021,SH.XPD.CHEX.GD.ZS,Current health spending,Health,% of GDP,5.4531,World Bank WDI
MAR,Morocco,2022,SH.XPD.CHEX.GD.ZS,Current health spending,Health,% of GDP,5.7528,World Bank WDI
MAR,Morocco,2023,SH.XPD.CHEX.GD.ZS,Current health spending,Health,% of GDP,6.064,World Bank WDI
TUN,Tunisia,2000,SH.XPD.CHEX.GD.ZS,Current health spending,Health,% of GDP,4.8127,World Bank WDI
TUN,Tunisia,2001,SH.XPD.CHEX.GD.ZS,Current health spending,Health,% of GDP,4.8613,World Bank WDI
TUN,Tunisia,2002,SH.XPD.CHEX.GD.ZS,Current health spending,Health,% of GDP,5.1204,World Bank WDI
TUN,Tunisia,2003,SH.XPD.CHEX.GD.ZS,Current health spending,Health,% of GDP,5.2089,World Bank WDI
TUN,Tunisia,2004,SH.XPD.CHEX.GD.ZS,Current health spending,Health,% of GDP,5.1989,World Bank WDI
TUN,Tunisia,2005,SH.XPD.CHEX.GD.ZS,Current health spending,Health,% of GDP,5.1456,World Bank WDI
TUN,Tunisia,2006,SH.XPD.CHEX.GD.ZS,Current health spending,Health,% of GDP,5.1311,World Bank WDI
TUN,Tunisia,2007,SH.XPD.CHEX.GD.ZS,Current health spending,Health,% of GDP,5.1754,World Bank WDI
TUN,Tunisia,2008,SH.XPD.CHEX.GD.ZS,Current health spending,Health,% of GDP,5.1644,World Bank WDI
TUN,Tunisia,2009,SH.XPD.CHEX.GD.ZS,Current health spending,Health,% of GDP,5.406,World Bank WDI
TUN,Tunisia,2010,SH.XPD.CHEX.GD.ZS,Current health spending,Health,% of GDP,5.6095,World Bank WDI
TUN,Tunisia,2011,SH.XPD.CHEX.GD.ZS,Current health spending,Health,% of GDP,6.123,World Bank WDI
TUN,Tunisia,2012,SH.XPD.CHEX.GD.ZS,Current health spending,Health,% of GDP,6.2898,World Bank WDI
TUN,Tunisia,2013,SH.XPD.CHEX.GD.ZS,Current health spending,Health,% of GDP,6.5139,World Bank WDI
TUN,Tunisia,2014,SH.XPD.CHEX.GD.ZS,Current health spending,Health,% of GDP,6.4501,World Bank WDI
TUN,Tunisia,2015,SH.XPD.CHEX.GD.ZS,Current health spending,Health,% of GDP,6.2134,World Bank WDI
TUN,Tunisia,2016,SH.XPD.CHEX.GD.ZS,Current health spending,Health,% of GDP,6.2478,World Bank WDI
TUN,Tunisia,2017,SH.XPD.CHEX.GD.ZS,Current health spending,Health,% of GDP,6.1856,World Bank WDI
TUN,Tunisia,2018,SH.XPD.CHEX.GD.ZS,Current health spending,Health,% of GDP,5.9375,World Bank WDI
TUN,Tunisia,2019,SH.XPD.CHEX.GD.ZS,Current health spending,Health,% of GDP,6.0246,World Bank WDI
TUN,Tunisia,2020,SH.XPD.CHEX.GD.ZS,Current health spending,Health,% of GDP,7.0561,World Bank WDI
TUN,Tunisia,2021,SH.XPD.CHEX.GD.ZS,Current health spending,Health,% of GDP,7.3418,World Bank WDI
TUN,Tunisia,2022,SH.XPD.CHEX.GD.ZS,Current health spending,Health,% of GDP,7.5127,World Bank WDI
TUN,Tunisia,2023,SH.XPD.CHEX.GD.ZS,Current health spending,Health,% of GDP,7.9854,World Bank WDI
TUR,Turkiye,2000,SH.XPD.CHEX.GD.ZS,Current health spending,Health,% of GDP,4.5996,World Bank WDI
TUR,Turkiye,2001,SH.XPD.CHEX.GD.ZS,Current health spending,Health,% of GDP,4.8878,World Bank WDI
TUR,Turkiye,2002,SH.XPD.CHEX.GD.ZS,Current health spending,Health,% of GDP,5.0623,World Bank WDI
TUR,Turkiye,2003,SH.XPD.CHEX.GD.ZS,Current health spending,Health,% of GDP,5.0143,World Bank WDI
TUR,Turkiye,2004,SH.XPD.CHEX.GD.ZS,Current health spending,Health,% of GDP,4.9096,World Bank WDI
TUR,Turkiye,2005,SH.XPD.CHEX.GD.ZS,Current health spending,Health,% of GDP,4.8939,World Bank WDI
TUR,Turkiye,2006,SH.XPD.CHEX.GD.ZS,Current health spending,Health,% of GDP,5.1459,World Bank WDI
TUR,Turkiye,2007,SH.XPD.CHEX.GD.ZS,Current health spending,Health,% of GDP,5.2376,World Bank WDI
TUR,Turkiye,2008,SH.XPD.CHEX.GD.ZS,Current health spending,Health,% of GDP,5.2176,World Bank WDI
TUR,Turkiye,2009,SH.XPD.CHEX.GD.ZS,Current health spending,Health,% of GDP,5.4944,World Bank WDI
TUR,Turkiye,2010,SH.XPD.CHEX.GD.ZS,Current health spending,Health,% of GDP,5.0205,World Bank WDI
TUR,Turkiye,2011,SH.XPD.CHEX.GD.ZS,Current health spending,Health,% of GDP,4.6531,World Bank WDI
TUR,Turkiye,2012,SH.XPD.CHEX.GD.ZS,Current health spending,Health,% of GDP,4.4444,World Bank WDI
TUR,Turkiye,2013,SH.XPD.CHEX.GD.ZS,Current health spending,Health,% of GDP,4.371,World Bank WDI
TUR,Turkiye,2014,SH.XPD.CHEX.GD.ZS,Current health spending,Health,% of GDP,4.3252,World Bank WDI
TUR,Turkiye,2015,SH.XPD.CHEX.GD.ZS,Current health spending,Health,% of GDP,4.1169,World Bank WDI
TUR,Turkiye,2016,SH.XPD.CHEX.GD.ZS,Current health spending,Health,% of GDP,4.2847,World Bank WDI
TUR,Turkiye,2017,SH.XPD.CHEX.GD.ZS,Current health spending,Health,% of GDP,4.1797,World Bank WDI
TUR,Turkiye,2018,SH.XPD.CHEX.GD.ZS,Current health spending,Health,% of GDP,4.121,World Bank WDI
TUR,Turkiye,2019,SH.XPD.CHEX.GD.ZS,Current health spending,Health,% of GDP,4.3595,World Bank WDI
TUR,Turkiye,2020,SH.XPD.CHEX.GD.ZS,Current health spending,Health,% of GDP,4.6164,World Bank WDI
TUR,Turkiye,2021,SH.XPD.CHEX.GD.ZS,Current health spending,Health,% of GDP,4.5607,World Bank WDI
TUR,Turkiye,2022,SH.XPD.CHEX.GD.ZS,Current health spending,Health,% of GDP,3.7034,World Bank WDI
TUR,Turkiye,2023,SH.XPD.CHEX.GD.ZS,Current health spending,Health,% of GDP,4.2752,World Bank WDI
DZA,Algeria,1991,SL.UEM.TOTL.ZS,Unemployment,Jobs,% of labor force,20.6,World Bank WDI
DZA,Algeria,1992,SL.UEM.TOTL.ZS,Unemployment,Jobs,% of labor force,24.38,World Bank WDI
DZA,Algeria,1993,SL.UEM.TOTL.ZS,Unemployment,Jobs,% of labor force,26.23,World Bank WDI
DZA,Algeria,1994,SL.UEM.TOTL.ZS,Unemployment,Jobs,% of labor force,27.74,World Bank WDI
DZA,Algeria,1995,SL.UEM.TOTL.ZS,Unemployment,Jobs,% of labor force,31.84,World Bank WDI
DZA,Algeria,1996,SL.UEM.TOTL.ZS,Unemployment,Jobs,% of labor force,28.268,World Bank WDI
DZA,Algeria,1997,SL.UEM.TOTL.ZS,Unemployment,Jobs,% of labor force,25.43,World Bank WDI
DZA,Algeria,1998,SL.UEM.TOTL.ZS,Unemployment,Jobs,% of labor force,26.85,World Bank WDI
DZA,Algeria,1999,SL.UEM.TOTL.ZS,Unemployment,Jobs,% of labor force,28.575,World Bank WDI
DZA,Algeria,2000,SL.UEM.TOTL.ZS,Unemployment,Jobs,% of labor force,29.77,World Bank WDI
DZA,Algeria,2001,SL.UEM.TOTL.ZS,Unemployment,Jobs,% of labor force,27.3,World Bank WDI
DZA,Algeria,2002,SL.UEM.TOTL.ZS,Unemployment,Jobs,% of labor force,25.9,World Bank WDI
DZA,Algeria,2003,SL.UEM.TOTL.ZS,Unemployment,Jobs,% of labor force,23.72,World Bank WDI
DZA,Algeria,2004,SL.UEM.TOTL.ZS,Unemployment,Jobs,% of labor force,17.65,World Bank WDI
DZA,Algeria,2005,SL.UEM.TOTL.ZS,Unemployment,Jobs,% of labor force,15.27,World Bank WDI
DZA,Algeria,2006,SL.UEM.TOTL.ZS,Unemployment,Jobs,% of labor force,12.27,World Bank WDI
DZA,Algeria,2007,SL.UEM.TOTL.ZS,Unemployment,Jobs,% of labor force,13.79,World Bank WDI
DZA,Algeria,2008,SL.UEM.TOTL.ZS,Unemployment,Jobs,% of labor force,11.33,World Bank WDI
DZA,Algeria,2009,SL.UEM.TOTL.ZS,Unemployment,Jobs,% of labor force,10.16,World Bank WDI
DZA,Algeria,2010,SL.UEM.TOTL.ZS,Unemployment,Jobs,% of labor force,9.96,World Bank WDI
DZA,Algeria,2011,SL.UEM.TOTL.ZS,Unemployment,Jobs,% of labor force,9.96,World Bank WDI
DZA,Algeria,2012,SL.UEM.TOTL.ZS,Unemployment,Jobs,% of labor force,10.97,World Bank WDI
DZA,Algeria,2013,SL.UEM.TOTL.ZS,Unemployment,Jobs,% of labor force,9.82,World Bank WDI
DZA,Algeria,2014,SL.UEM.TOTL.ZS,Unemployment,Jobs,% of labor force,10.207,World Bank WDI
DZA,Algeria,2015,SL.UEM.TOTL.ZS,Unemployment,Jobs,% of labor force,11.206,World Bank WDI
DZA,Algeria,2016,SL.UEM.TOTL.ZS,Unemployment,Jobs,% of labor force,10.202,World Bank WDI
DZA,Algeria,2017,SL.UEM.TOTL.ZS,Unemployment,Jobs,% of labor force,12.0,World Bank WDI
DZA,Algeria,2018,SL.UEM.TOTL.ZS,Unemployment,Jobs,% of labor force,12.112,World Bank WDI
DZA,Algeria,2019,SL.UEM.TOTL.ZS,Unemployment,Jobs,% of labor force,12.302,World Bank WDI
DZA,Algeria,2020,SL.UEM.TOTL.ZS,Unemployment,Jobs,% of labor force,14.08,World Bank WDI
DZA,Algeria,2021,SL.UEM.TOTL.ZS,Unemployment,Jobs,% of labor force,13.656,World Bank WDI
DZA,Algeria,2022,SL.UEM.TOTL.ZS,Unemployment,Jobs,% of labor force,12.382,World Bank WDI
DZA,Algeria,2023,SL.UEM.TOTL.ZS,Unemployment,Jobs,% of labor force,11.645,World Bank WDI
DZA,Algeria,2024,SL.UEM.TOTL.ZS,Unemployment,Jobs,% of labor force,11.655,World Bank WDI
DZA,Algeria,2025,SL.UEM.TOTL.ZS,Unemployment,Jobs,% of labor force,11.633,World Bank WDI
EGY,"Egypt, Arab Rep.",1991,SL.UEM.TOTL.ZS,Unemployment,Jobs,% of labor force,9.38,World Bank WDI
EGY,"Egypt, Arab Rep.",1992,SL.UEM.TOTL.ZS,Unemployment,Jobs,% of labor force,8.92,World Bank WDI
EGY,"Egypt, Arab Rep.",1993,SL.UEM.TOTL.ZS,Unemployment,Jobs,% of labor force,10.92,World Bank WDI
EGY,"Egypt, Arab Rep.",1994,SL.UEM.TOTL.ZS,Unemployment,Jobs,% of labor force,10.93,World Bank WDI
EGY,"Egypt, Arab Rep.",1995,SL.UEM.TOTL.ZS,Unemployment,Jobs,% of labor force,11.04,World Bank WDI
EGY,"Egypt, Arab Rep.",1996,SL.UEM.TOTL.ZS,Unemployment,Jobs,% of labor force,9.0,World Bank WDI
EGY,"Egypt, Arab Rep.",1997,SL.UEM.TOTL.ZS,Unemployment,Jobs,% of labor force,8.37,World Bank WDI
EGY,"Egypt, Arab Rep.",1998,SL.UEM.TOTL.ZS,Unemployment,Jobs,% of labor force,8.03,World Bank WDI
EGY,"Egypt, Arab Rep.",1999,SL.UEM.TOTL.ZS,Unemployment,Jobs,% of labor force,7.95,World Bank WDI
EGY,"Egypt, Arab Rep.",2000,SL.UEM.TOTL.ZS,Unemployment,Jobs,% of labor force,8.98,World Bank WDI
EGY,"Egypt, Arab Rep.",2001,SL.UEM.TOTL.ZS,Unemployment,Jobs,% of labor force,9.26,World Bank WDI
EGY,"Egypt, Arab Rep.",2002,SL.UEM.TOTL.ZS,Unemployment,Jobs,% of labor force,10.01,World Bank WDI
EGY,"Egypt, Arab Rep.",2003,SL.UEM.TOTL.ZS,Unemployment,Jobs,% of labor force,10.91,World Bank WDI
EGY,"Egypt, Arab Rep.",2004,SL.UEM.TOTL.ZS,Unemployment,Jobs,% of labor force,10.32,World Bank WDI
EGY,"Egypt, Arab Rep.",2005,SL.UEM.TOTL.ZS,Unemployment,Jobs,% of labor force,11.049,World Bank WDI
EGY,"Egypt, Arab Rep.",2006,SL.UEM.TOTL.ZS,Unemployment,Jobs,% of labor force,10.49,World Bank WDI
EGY,"Egypt, Arab Rep.",2007,SL.UEM.TOTL.ZS,Unemployment,Jobs,% of labor force,8.8,World Bank WDI
EGY,"Egypt, Arab Rep.",2008,SL.UEM.TOTL.ZS,Unemployment,Jobs,% of labor force,8.517,World Bank WDI
EGY,"Egypt, Arab Rep.",2009,SL.UEM.TOTL.ZS,Unemployment,Jobs,% of labor force,9.087,World Bank WDI
EGY,"Egypt, Arab Rep.",2010,SL.UEM.TOTL.ZS,Unemployment,Jobs,% of labor force,8.757,World Bank WDI
EGY,"Egypt, Arab Rep.",2011,SL.UEM.TOTL.ZS,Unemployment,Jobs,% of labor force,11.849,World Bank WDI
EGY,"Egypt, Arab Rep.",2012,SL.UEM.TOTL.ZS,Unemployment,Jobs,% of labor force,12.597,World Bank WDI
EGY,"Egypt, Arab Rep.",2013,SL.UEM.TOTL.ZS,Unemployment,Jobs,% of labor force,13.154,World Bank WDI
EGY,"Egypt, Arab Rep.",2014,SL.UEM.TOTL.ZS,Unemployment,Jobs,% of labor force,13.105,World Bank WDI
EGY,"Egypt, Arab Rep.",2015,SL.UEM.TOTL.ZS,Unemployment,Jobs,% of labor force,13.052,World Bank WDI
EGY,"Egypt, Arab Rep.",2016,SL.UEM.TOTL.ZS,Unemployment,Jobs,% of labor force,12.45,World Bank WDI
EGY,"Egypt, Arab Rep.",2017,SL.UEM.TOTL.ZS,Unemployment,Jobs,% of labor force,11.767,World Bank WDI
EGY,"Egypt, Arab Rep.",2018,SL.UEM.TOTL.ZS,Unemployment,Jobs,% of labor force,9.855,World Bank WDI
EGY,"Egypt, Arab Rep.",2019,SL.UEM.TOTL.ZS,Unemployment,Jobs,% of labor force,7.851,World Bank WDI
EGY,"Egypt, Arab Rep.",2020,SL.UEM.TOTL.ZS,Unemployment,Jobs,% of labor force,7.974,World Bank WDI
EGY,"Egypt, Arab Rep.",2021,SL.UEM.TOTL.ZS,Unemployment,Jobs,% of labor force,7.441,World Bank WDI
EGY,"Egypt, Arab Rep.",2022,SL.UEM.TOTL.ZS,Unemployment,Jobs,% of labor force,6.546,World Bank WDI
EGY,"Egypt, Arab Rep.",2023,SL.UEM.TOTL.ZS,Unemployment,Jobs,% of labor force,6.753,World Bank WDI
EGY,"Egypt, Arab Rep.",2024,SL.UEM.TOTL.ZS,Unemployment,Jobs,% of labor force,6.817,World Bank WDI
EGY,"Egypt, Arab Rep.",2025,SL.UEM.TOTL.ZS,Unemployment,Jobs,% of labor force,6.781,World Bank WDI
JOR,Jordan,1991,SL.UEM.TOTL.ZS,Unemployment,Jobs,% of labor force,21.439,World Bank WDI
JOR,Jordan,1992,SL.UEM.TOTL.ZS,Unemployment,Jobs,% of labor force,19.947,World Bank WDI
JOR,Jordan,1993,SL.UEM.TOTL.ZS,Unemployment,Jobs,% of labor force,19.7,World Bank WDI
JOR,Jordan,1994,SL.UEM.TOTL.ZS,Unemployment,Jobs,% of labor force,16.894,World Bank WDI
JOR,Jordan,1995,SL.UEM.TOTL.ZS,Unemployment,Jobs,% of labor force,14.6,World Bank WDI
JOR,Jordan,1996,SL.UEM.TOTL.ZS,Unemployment,Jobs,% of labor force,13.7,World Bank WDI
JOR,Jordan,1997,SL.UEM.TOTL.ZS,Unemployment,Jobs,% of labor force,13.74,World Bank WDI
JOR,Jordan,1998,SL.UEM.TOTL.ZS,Unemployment,Jobs,% of labor force,13.841,World Bank WDI
JOR,Jordan,1999,SL.UEM.TOTL.ZS,Unemployment,Jobs,% of labor force,13.763,World Bank WDI
JOR,Jordan,2000,SL.UEM.TOTL.ZS,Unemployment,Jobs,% of labor force,13.7,World Bank WDI
JOR,Jordan,2001,SL.UEM.TOTL.ZS,Unemployment,Jobs,% of labor force,14.7,World Bank WDI
JOR,Jordan,2002,SL.UEM.TOTL.ZS,Unemployment,Jobs,% of labor force,15.3,World Bank WDI
JOR,Jordan,2003,SL.UEM.TOTL.ZS,Unemployment,Jobs,% of labor force,14.5,World Bank WDI
JOR,Jordan,2004,SL.UEM.TOTL.ZS,Unemployment,Jobs,% of labor force,14.626,World Bank WDI
JOR,Jordan,2005,SL.UEM.TOTL.ZS,Unemployment,Jobs,% of labor force,14.8,World Bank WDI
JOR,Jordan,2006,SL.UEM.TOTL.ZS,Unemployment,Jobs,% of labor force,14.0,World Bank WDI
JOR,Jordan,2007,SL.UEM.TOTL.ZS,Unemployment,Jobs,% of labor force,13.1,World Bank WDI
JOR,Jordan,2008,SL.UEM.TOTL.ZS,Unemployment,Jobs,% of labor force,12.7,World Bank WDI
JOR,Jordan,2009,SL.UEM.TOTL.ZS,Unemployment,Jobs,% of labor force,12.9,World Bank WDI
JOR,Jordan,2010,SL.UEM.TOTL.ZS,Unemployment,Jobs,% of labor force,12.5,World Bank WDI
JOR,Jordan,2011,SL.UEM.TOTL.ZS,Unemployment,Jobs,% of labor force,12.9,World Bank WDI
JOR,Jordan,2012,SL.UEM.TOTL.ZS,Unemployment,Jobs,% of labor force,12.2,World Bank WDI
JOR,Jordan,2013,SL.UEM.TOTL.ZS,Unemployment,Jobs,% of labor force,12.6,World Bank WDI
JOR,Jordan,2014,SL.UEM.TOTL.ZS,Unemployment,Jobs,% of labor force,11.9,World Bank WDI
JOR,Jordan,2015,SL.UEM.TOTL.ZS,Unemployment,Jobs,% of labor force,13.075,World Bank WDI
JOR,Jordan,2016,SL.UEM.TOTL.ZS,Unemployment,Jobs,% of labor force,15.275,World Bank WDI
JOR,Jordan,2017,SL.UEM.TOTL.ZS,Unemployment,Jobs,% of labor force,18.12,World Bank WDI
JOR,Jordan,2018,SL.UEM.TOTL.ZS,Unemployment,Jobs,% of labor force,18.257,World Bank WDI
JOR,Jordan,2019,SL.UEM.TOTL.ZS,Unemployment,Jobs,% of labor force,16.801,World Bank WDI
JOR,Jordan,2020,SL.UEM.TOTL.ZS,Unemployment,Jobs,% of labor force,19.213,World Bank WDI
JOR,Jordan,2021,SL.UEM.TOTL.ZS,Unemployment,Jobs,% of labor force,19.837,World Bank WDI
JOR,Jordan,2022,SL.UEM.TOTL.ZS,Unemployment,Jobs,% of labor force,18.2,World Bank WDI
JOR,Jordan,2023,SL.UEM.TOTL.ZS,Unemployment,Jobs,% of labor force,16.62,World Bank WDI
JOR,Jordan,2024,SL.UEM.TOTL.ZS,Unemployment,Jobs,% of labor force,16.693,World Bank WDI
JOR,Jordan,2025,SL.UEM.TOTL.ZS,Unemployment,Jobs,% of labor force,16.535,World Bank WDI
MAR,Morocco,1991,SL.UEM.TOTL.ZS,Unemployment,Jobs,% of labor force,13.502,World Bank WDI
MAR,Morocco,1992,SL.UEM.TOTL.ZS,Unemployment,Jobs,% of labor force,13.781,World Bank WDI
MAR,Morocco,1993,SL.UEM.TOTL.ZS,Unemployment,Jobs,% of labor force,14.026,World Bank WDI
MAR,Morocco,1994,SL.UEM.TOTL.ZS,Unemployment,Jobs,% of labor force,13.858,World Bank WDI
MAR,Morocco,1995,SL.UEM.TOTL.ZS,Unemployment,Jobs,% of labor force,14.054,World Bank WDI
MAR,Morocco,1996,SL.UEM.TOTL.ZS,Unemployment,Jobs,% of labor force,13.362,World Bank WDI
MAR,Morocco,1997,SL.UEM.TOTL.ZS,Unemployment,Jobs,% of labor force,14.025,World Bank WDI
MAR,Morocco,1998,SL.UEM.TOTL.ZS,Unemployment,Jobs,% of labor force,13.359,World Bank WDI
MAR,Morocco,1999,SL.UEM.TOTL.ZS,Unemployment,Jobs,% of labor force,13.94,World Bank WDI
MAR,Morocco,2000,SL.UEM.TOTL.ZS,Unemployment,Jobs,% of labor force,13.58,World Bank WDI
MAR,Morocco,2001,SL.UEM.TOTL.ZS,Unemployment,Jobs,% of labor force,12.46,World Bank WDI
MAR,Morocco,2002,SL.UEM.TOTL.ZS,Unemployment,Jobs,% of labor force,11.59,World Bank WDI
MAR,Morocco,2003,SL.UEM.TOTL.ZS,Unemployment,Jobs,% of labor force,11.92,World Bank WDI
MAR,Morocco,2004,SL.UEM.TOTL.ZS,Unemployment,Jobs,% of labor force,10.83,World Bank WDI
MAR,Morocco,2005,SL.UEM.TOTL.ZS,Unemployment,Jobs,% of labor force,11.01,World Bank WDI
MAR,Morocco,2006,SL.UEM.TOTL.ZS,Unemployment,Jobs,% of labor force,9.67,World Bank WDI
MAR,Morocco,2007,SL.UEM.TOTL.ZS,Unemployment,Jobs,% of labor force,9.56,World Bank WDI
MAR,Morocco,2008,SL.UEM.TOTL.ZS,Unemployment,Jobs,% of labor force,9.57,World Bank WDI
MAR,Morocco,2009,SL.UEM.TOTL.ZS,Unemployment,Jobs,% of labor force,8.96,World Bank WDI
MAR,Morocco,2010,SL.UEM.TOTL.ZS,Unemployment,Jobs,% of labor force,9.09,World Bank WDI
MAR,Morocco,2011,SL.UEM.TOTL.ZS,Unemployment,Jobs,% of labor force,8.91,World Bank WDI
MAR,Morocco,2012,SL.UEM.TOTL.ZS,Unemployment,Jobs,% of labor force,8.99,World Bank WDI
MAR,Morocco,2013,SL.UEM.TOTL.ZS,Unemployment,Jobs,% of labor force,9.23,World Bank WDI
MAR,Morocco,2014,SL.UEM.TOTL.ZS,Unemployment,Jobs,% of labor force,9.7,World Bank WDI
MAR,Morocco,2015,SL.UEM.TOTL.ZS,Unemployment,Jobs,% of labor force,9.46,World Bank WDI
MAR,Morocco,2016,SL.UEM.TOTL.ZS,Unemployment,Jobs,% of labor force,9.3,World Bank WDI
MAR,Morocco,2017,SL.UEM.TOTL.ZS,Unemployment,Jobs,% of labor force,9.22,World Bank WDI
MAR,Morocco,2018,SL.UEM.TOTL.ZS,Unemployment,Jobs,% of labor force,9.272,World Bank WDI
MAR,Morocco,2019,SL.UEM.TOTL.ZS,Unemployment,Jobs,% of labor force,9.191,World Bank WDI
MAR,Morocco,2020,SL.UEM.TOTL.ZS,Unemployment,Jobs,% of labor force,11.189,World Bank WDI
MAR,Morocco,2021,SL.UEM.TOTL.ZS,Unemployment,Jobs,% of labor force,10.551,World Bank WDI
MAR,Morocco,2022,SL.UEM.TOTL.ZS,Unemployment,Jobs,% of labor force,9.413,World Bank WDI
MAR,Morocco,2023,SL.UEM.TOTL.ZS,Unemployment,Jobs,% of labor force,8.896,World Bank WDI
MAR,Morocco,2024,SL.UEM.TOTL.ZS,Unemployment,Jobs,% of labor force,9.103,World Bank WDI
MAR,Morocco,2025,SL.UEM.TOTL.ZS,Unemployment,Jobs,% of labor force,9.0,World Bank WDI
TUN,Tunisia,1991,SL.UEM.TOTL.ZS,Unemployment,Jobs,% of labor force,15.935,World Bank WDI
TUN,Tunisia,1992,SL.UEM.TOTL.ZS,Unemployment,Jobs,% of labor force,15.598,World Bank WDI
TUN,Tunisia,1993,SL.UEM.TOTL.ZS,Unemployment,Jobs,% of labor force,15.948,World Bank WDI
TUN,Tunisia,1994,SL.UEM.TOTL.ZS,Unemployment,Jobs,% of labor force,16.006,World Bank WDI
TUN,Tunisia,1995,SL.UEM.TOTL.ZS,Unemployment,Jobs,% of labor force,16.348,World Bank WDI
TUN,Tunisia,1996,SL.UEM.TOTL.ZS,Unemployment,Jobs,% of labor force,16.061,World Bank WDI
TUN,Tunisia,1997,SL.UEM.TOTL.ZS,Unemployment,Jobs,% of labor force,15.94,World Bank WDI
TUN,Tunisia,1998,SL.UEM.TOTL.ZS,Unemployment,Jobs,% of labor force,15.473,World Bank WDI
TUN,Tunisia,1999,SL.UEM.TOTL.ZS,Unemployment,Jobs,% of labor force,15.21,World Bank WDI
TUN,Tunisia,2000,SL.UEM.TOTL.ZS,Unemployment,Jobs,% of labor force,14.94,World Bank WDI
TUN,Tunisia,2001,SL.UEM.TOTL.ZS,Unemployment,Jobs,% of labor force,14.4,World Bank WDI
TUN,Tunisia,2002,SL.UEM.TOTL.ZS,Unemployment,Jobs,% of labor force,14.55,World Bank WDI
TUN,Tunisia,2003,SL.UEM.TOTL.ZS,Unemployment,Jobs,% of labor force,14.51,World Bank WDI
TUN,Tunisia,2004,SL.UEM.TOTL.ZS,Unemployment,Jobs,% of labor force,14.23,World Bank WDI
TUN,Tunisia,2005,SL.UEM.TOTL.ZS,Unemployment,Jobs,% of labor force,12.872,World Bank WDI
TUN,Tunisia,2006,SL.UEM.TOTL.ZS,Unemployment,Jobs,% of labor force,12.51,World Bank WDI
TUN,Tunisia,2007,SL.UEM.TOTL.ZS,Unemployment,Jobs,% of labor force,12.365,World Bank WDI
TUN,Tunisia,2008,SL.UEM.TOTL.ZS,Unemployment,Jobs,% of labor force,12.444,World Bank WDI
TUN,Tunisia,2009,SL.UEM.TOTL.ZS,Unemployment,Jobs,% of labor force,13.29,World Bank WDI
TUN,Tunisia,2010,SL.UEM.TOTL.ZS,Unemployment,Jobs,% of labor force,13.049,World Bank WDI
TUN,Tunisia,2011,SL.UEM.TOTL.ZS,Unemployment,Jobs,% of labor force,18.334,World Bank WDI
TUN,Tunisia,2012,SL.UEM.TOTL.ZS,Unemployment,Jobs,% of labor force,17.63,World Bank WDI
TUN,Tunisia,2013,SL.UEM.TOTL.ZS,Unemployment,Jobs,% of labor force,15.934,World Bank WDI
TUN,Tunisia,2014,SL.UEM.TOTL.ZS,Unemployment,Jobs,% of labor force,14.259,World Bank WDI
TUN,Tunisia,2015,SL.UEM.TOTL.ZS,Unemployment,Jobs,% of labor force,15.159,World Bank WDI
TUN,Tunisia,2016,SL.UEM.TOTL.ZS,Unemployment,Jobs,% of labor force,15.557,World Bank WDI
TUN,Tunisia,2017,SL.UEM.TOTL.ZS,Unemployment,Jobs,% of labor force,15.33,World Bank WDI
TUN,Tunisia,2018,SL.UEM.TOTL.ZS,Unemployment,Jobs,% of labor force,15.459,World Bank WDI
TUN,Tunisia,2019,SL.UEM.TOTL.ZS,Unemployment,Jobs,% of labor force,17.153,World Bank WDI
TUN,Tunisia,2020,SL.UEM.TOTL.ZS,Unemployment,Jobs,% of labor force,17.651,World Bank WDI
TUN,Tunisia,2021,SL.UEM.TOTL.ZS,Unemployment,Jobs,% of labor force,16.632,World Bank WDI
TUN,Tunisia,2022,SL.UEM.TOTL.ZS,Unemployment,Jobs,% of labor force,15.3,World Bank WDI
TUN,Tunisia,2023,SL.UEM.TOTL.ZS,Unemployment,Jobs,% of labor force,15.106,World Bank WDI
TUN,Tunisia,2024,SL.UEM.TOTL.ZS,Unemployment,Jobs,% of labor force,15.341,World Bank WDI
TUN,Tunisia,2025,SL.UEM.TOTL.ZS,Unemployment,Jobs,% of labor force,15.108,World Bank WDI
TUR,Turkiye,1991,SL.UEM.TOTL.ZS,Unemployment,Jobs,% of labor force,8.21,World Bank WDI
TUR,Turkiye,1992,SL.UEM.TOTL.ZS,Unemployment,Jobs,% of labor force,8.509,World Bank WDI
TUR,Turkiye,1993,SL.UEM.TOTL.ZS,Unemployment,Jobs,% of labor force,8.962,World Bank WDI
TUR,Turkiye,1994,SL.UEM.TOTL.ZS,Unemployment,Jobs,% of labor force,8.577,World Bank WDI
TUR,Turkiye,1995,SL.UEM.TOTL.ZS,Unemployment,Jobs,% of labor force,7.644,World Bank WDI
TUR,Turkiye,1996,SL.UEM.TOTL.ZS,Unemployment,Jobs,% of labor force,6.629,World Bank WDI
TUR,Turkiye,1997,SL.UEM.TOTL.ZS,Unemployment,Jobs,% of labor force,6.841,World Bank WDI
TUR,Turkiye,1998,SL.UEM.TOTL.ZS,Unemployment,Jobs,% of labor force,6.888,World Bank WDI
TUR,Turkiye,1999,SL.UEM.TOTL.ZS,Unemployment,Jobs,% of labor force,7.687,World Bank WDI
TUR,Turkiye,2000,SL.UEM.TOTL.ZS,Unemployment,Jobs,% of labor force,6.495,World Bank WDI
TUR,Turkiye,2001,SL.UEM.TOTL.ZS,Unemployment,Jobs,% of labor force,8.381,World Bank WDI
TUR,Turkiye,2002,SL.UEM.TOTL.ZS,Unemployment,Jobs,% of labor force,10.358,World Bank WDI
TUR,Turkiye,2003,SL.UEM.TOTL.ZS,Unemployment,Jobs,% of labor force,10.542,World Bank WDI
TUR,Turkiye,2004,SL.UEM.TOTL.ZS,Unemployment,Jobs,% of labor force,10.838,World Bank WDI
TUR,Turkiye,2005,SL.UEM.TOTL.ZS,Unemployment,Jobs,% of labor force,10.636,World Bank WDI
TUR,Turkiye,2006,SL.UEM.TOTL.ZS,Unemployment,Jobs,% of labor force,10.227,World Bank WDI
TUR,Turkiye,2007,SL.UEM.TOTL.ZS,Unemployment,Jobs,% of labor force,10.285,World Bank WDI
TUR,Turkiye,2008,SL.UEM.TOTL.ZS,Unemployment,Jobs,% of labor force,10.965,World Bank WDI
TUR,Turkiye,2009,SL.UEM.TOTL.ZS,Unemployment,Jobs,% of labor force,14.026,World Bank WDI
TUR,Turkiye,2010,SL.UEM.TOTL.ZS,Unemployment,Jobs,% of labor force,11.879,World Bank WDI
TUR,Turkiye,2011,SL.UEM.TOTL.ZS,Unemployment,Jobs,% of labor force,9.789,World Bank WDI
TUR,Turkiye,2012,SL.UEM.TOTL.ZS,Unemployment,Jobs,% of labor force,9.21,World Bank WDI
TUR,Turkiye,2013,SL.UEM.TOTL.ZS,Unemployment,Jobs,% of labor force,9.713,World Bank WDI
TUR,Turkiye,2014,SL.UEM.TOTL.ZS,Unemployment,Jobs,% of labor force,9.901,World Bank WDI
TUR,Turkiye,2015,SL.UEM.TOTL.ZS,Unemployment,Jobs,% of labor force,10.304,World Bank WDI
TUR,Turkiye,2016,SL.UEM.TOTL.ZS,Unemployment,Jobs,% of labor force,10.899,World Bank WDI
TUR,Turkiye,2017,SL.UEM.TOTL.ZS,Unemployment,Jobs,% of labor force,10.919,World Bank WDI
TUR,Turkiye,2018,SL.UEM.TOTL.ZS,Unemployment,Jobs,% of labor force,10.956,World Bank WDI
TUR,Turkiye,2019,SL.UEM.TOTL.ZS,Unemployment,Jobs,% of labor force,13.73,World Bank WDI
TUR,Turkiye,2020,SL.UEM.TOTL.ZS,Unemployment,Jobs,% of labor force,13.148,World Bank WDI
TUR,Turkiye,2021,SL.UEM.TOTL.ZS,Unemployment,Jobs,% of labor force,11.969,World Bank WDI
TUR,Turkiye,2022,SL.UEM.TOTL.ZS,Unemployment,Jobs,% of labor force,10.465,World Bank WDI
TUR,Turkiye,2023,SL.UEM.TOTL.ZS,Unemployment,Jobs,% of labor force,9.388,World Bank WDI
TUR,Turkiye,2024,SL.UEM.TOTL.ZS,Unemployment,Jobs,% of labor force,8.8,World Bank WDI
TUR,Turkiye,2025,SL.UEM.TOTL.ZS,Unemployment,Jobs,% of labor force,8.52,World Bank WDI
DZA,Algeria,1990,SP.DYN.LE00.IN,Life expectancy,Health,years,67.658,World Bank WDI
DZA,Algeria,1991,SP.DYN.LE00.IN,Life expectancy,Health,years,67.692,World Bank WDI
DZA,Algeria,1992,SP.DYN.LE00.IN,Life expectancy,Health,years,67.725,World Bank WDI
DZA,Algeria,1993,SP.DYN.LE00.IN,Life expectancy,Health,years,67.797,World Bank WDI
DZA,Algeria,1994,SP.DYN.LE00.IN,Life expectancy,Health,years,67.284,World Bank WDI
DZA,Algeria,1995,SP.DYN.LE00.IN,Life expectancy,Health,years,67.691,World Bank WDI
DZA,Algeria,1996,SP.DYN.LE00.IN,Life expectancy,Health,years,68.219,World Bank WDI
DZA,Algeria,1997,SP.DYN.LE00.IN,Life expectancy,Health,years,68.859,World Bank WDI
DZA,Algeria,1998,SP.DYN.LE00.IN,Life expectancy,Health,years,69.327,World Bank WDI
DZA,Algeria,1999,SP.DYN.LE00.IN,Life expectancy,Health,years,70.088,World Bank WDI
DZA,Algeria,2000,SP.DYN.LE00.IN,Life expectancy,Health,years,70.576,World Bank WDI
DZA,Algeria,2001,SP.DYN.LE00.IN,Life expectancy,Health,years,71.025,World Bank WDI
DZA,Algeria,2002,SP.DYN.LE00.IN,Life expectancy,Health,years,71.644,World Bank WDI
DZA,Algeria,2003,SP.DYN.LE00.IN,Life expectancy,Health,years,71.906,World Bank WDI
DZA,Algeria,2004,SP.DYN.LE00.IN,Life expectancy,Health,years,72.536,World Bank WDI
DZA,Algeria,2005,SP.DYN.LE00.IN,Life expectancy,Health,years,72.836,World Bank WDI
DZA,Algeria,2006,SP.DYN.LE00.IN,Life expectancy,Health,years,73.116,World Bank WDI
DZA,Algeria,2007,SP.DYN.LE00.IN,Life expectancy,Health,years,73.346,World Bank WDI
DZA,Algeria,2008,SP.DYN.LE00.IN,Life expectancy,Health,years,73.618,World Bank WDI
DZA,Algeria,2009,SP.DYN.LE00.IN,Life expectancy,Health,years,73.871,World Bank WDI
DZA,Algeria,2010,SP.DYN.LE00.IN,Life expectancy,Health,years,74.144,World Bank WDI
DZA,Algeria,2011,SP.DYN.LE00.IN,Life expectancy,Health,years,74.383,World Bank WDI
DZA,Algeria,2012,SP.DYN.LE00.IN,Life expectancy,Health,years,74.609,World Bank WDI
DZA,Algeria,2013,SP.DYN.LE00.IN,Life expectancy,Health,years,74.809,World Bank WDI
DZA,Algeria,2014,SP.DYN.LE00.IN,Life expectancy,Health,years,74.992,World Bank WDI
DZA,Algeria,2015,SP.DYN.LE00.IN,Life expectancy,Health,years,75.159,World Bank WDI
DZA,Algeria,2016,SP.DYN.LE00.IN,Life expectancy,Health,years,75.31,World Bank WDI
DZA,Algeria,2017,SP.DYN.LE00.IN,Life expectancy,Health,years,75.431,World Bank WDI
DZA,Algeria,2018,SP.DYN.LE00.IN,Life expectancy,Health,years,75.555,World Bank WDI
DZA,Algeria,2019,SP.DYN.LE00.IN,Life expectancy,Health,years,75.682,World Bank WDI
DZA,Algeria,2020,SP.DYN.LE00.IN,Life expectancy,Health,years,73.257,World Bank WDI
DZA,Algeria,2021,SP.DYN.LE00.IN,Life expectancy,Health,years,75.208,World Bank WDI
DZA,Algeria,2022,SP.DYN.LE00.IN,Life expectancy,Health,years,76.129,World Bank WDI
DZA,Algeria,2023,SP.DYN.LE00.IN,Life expectancy,Health,years,76.261,World Bank WDI
DZA,Algeria,2024,SP.DYN.LE00.IN,Life expectancy,Health,years,76.475,World Bank WDI
EGY,"Egypt, Arab Rep.",1990,SP.DYN.LE00.IN,Life expectancy,Health,years,62.513,World Bank WDI
EGY,"Egypt, Arab Rep.",1991,SP.DYN.LE00.IN,Life expectancy,Health,years,63.059,World Bank WDI
EGY,"Egypt, Arab Rep.",1992,SP.DYN.LE00.IN,Life expectancy,Health,years,63.585,World Bank WDI
EGY,"Egypt, Arab Rep.",1993,SP.DYN.LE00.IN,Life expectancy,Health,years,64.147,World Bank WDI
EGY,"Egypt, Arab Rep.",1994,SP.DYN.LE00.IN,Life expectancy,Health,years,64.663,World Bank WDI
EGY,"Egypt, Arab Rep.",1995,SP.DYN.LE00.IN,Life expectancy,Health,years,65.214,World Bank WDI
EGY,"Egypt, Arab Rep.",1996,SP.DYN.LE00.IN,Life expectancy,Health,years,65.733,World Bank WDI
EGY,"Egypt, Arab Rep.",1997,SP.DYN.LE00.IN,Life expectancy,Health,years,66.207,World Bank WDI
EGY,"Egypt, Arab Rep.",1998,SP.DYN.LE00.IN,Life expectancy,Health,years,66.635,World Bank WDI
EGY,"Egypt, Arab Rep.",1999,SP.DYN.LE00.IN,Life expectancy,Health,years,67.01,World Bank WDI
EGY,"Egypt, Arab Rep.",2000,SP.DYN.LE00.IN,Life expectancy,Health,years,67.332,World Bank WDI
EGY,"Egypt, Arab Rep.",2001,SP.DYN.LE00.IN,Life expectancy,Health,years,67.612,World Bank WDI
EGY,"Egypt, Arab Rep.",2002,SP.DYN.LE00.IN,Life expectancy,Health,years,67.846,World Bank WDI
EGY,"Egypt, Arab Rep.",2003,SP.DYN.LE00.IN,Life expectancy,Health,years,68.045,World Bank WDI
EGY,"Egypt, Arab Rep.",2004,SP.DYN.LE00.IN,Life expectancy,Health,years,68.211,World Bank WDI
EGY,"Egypt, Arab Rep.",2005,SP.DYN.LE00.IN,Life expectancy,Health,years,68.355,World Bank WDI
EGY,"Egypt, Arab Rep.",2006,SP.DYN.LE00.IN,Life expectancy,Health,years,68.493,World Bank WDI
EGY,"Egypt, Arab Rep.",2007,SP.DYN.LE00.IN,Life expectancy,Health,years,68.627,World Bank WDI
EGY,"Egypt, Arab Rep.",2008,SP.DYN.LE00.IN,Life expectancy,Health,years,68.761,World Bank WDI
EGY,"Egypt, Arab Rep.",2009,SP.DYN.LE00.IN,Life expectancy,Health,years,68.915,World Bank WDI
EGY,"Egypt, Arab Rep.",2010,SP.DYN.LE00.IN,Life expectancy,Health,years,69.078,World Bank WDI
EGY,"Egypt, Arab Rep.",2011,SP.DYN.LE00.IN,Life expectancy,Health,years,69.232,World Bank WDI
EGY,"Egypt, Arab Rep.",2012,SP.DYN.LE00.IN,Life expectancy,Health,years,69.464,World Bank WDI
EGY,"Egypt, Arab Rep.",2013,SP.DYN.LE00.IN,Life expectancy,Health,years,69.632,World Bank WDI
EGY,"Egypt, Arab Rep.",2014,SP.DYN.LE00.IN,Life expectancy,Health,years,69.911,World Bank WDI
EGY,"Egypt, Arab Rep.",2015,SP.DYN.LE00.IN,Life expectancy,Health,years,70.135,World Bank WDI
EGY,"Egypt, Arab Rep.",2016,SP.DYN.LE00.IN,Life expectancy,Health,years,70.437,World Bank WDI
EGY,"Egypt, Arab Rep.",2017,SP.DYN.LE00.IN,Life expectancy,Health,years,70.709,World Bank WDI
EGY,"Egypt, Arab Rep.",2018,SP.DYN.LE00.IN,Life expectancy,Health,years,70.974,World Bank WDI
EGY,"Egypt, Arab Rep.",2019,SP.DYN.LE00.IN,Life expectancy,Health,years,71.213,World Bank WDI
EGY,"Egypt, Arab Rep.",2020,SP.DYN.LE00.IN,Life expectancy,Health,years,69.79,World Bank WDI
EGY,"Egypt, Arab Rep.",2021,SP.DYN.LE00.IN,Life expectancy,Health,years,68.976,World Bank WDI
EGY,"Egypt, Arab Rep.",2022,SP.DYN.LE00.IN,Life expectancy,Health,years,71.01,World Bank WDI
EGY,"Egypt, Arab Rep.",2023,SP.DYN.LE00.IN,Life expectancy,Health,years,71.633,World Bank WDI
EGY,"Egypt, Arab Rep.",2024,SP.DYN.LE00.IN,Life expectancy,Health,years,71.806,World Bank WDI
JOR,Jordan,1990,SP.DYN.LE00.IN,Life expectancy,Health,years,70.094,World Bank WDI
JOR,Jordan,1991,SP.DYN.LE00.IN,Life expectancy,Health,years,70.24,World Bank WDI
JOR,Jordan,1992,SP.DYN.LE00.IN,Life expectancy,Health,years,70.4,World Bank WDI
JOR,Jordan,1993,SP.DYN.LE00.IN,Life expectancy,Health,years,70.568,World Bank WDI
JOR,Jordan,1994,SP.DYN.LE00.IN,Life expectancy,Health,years,70.738,World Bank WDI
JOR,Jordan,1995,SP.DYN.LE00.IN,Life expectancy,Health,years,70.915,World Bank WDI
JOR,Jordan,1996,SP.DYN.LE00.IN,Life expectancy,Health,years,71.105,World Bank WDI
JOR,Jordan,1997,SP.DYN.LE00.IN,Life expectancy,Health,years,71.324,World Bank WDI
JOR,Jordan,1998,SP.DYN.LE00.IN,Life expectancy,Health,years,71.521,World Bank WDI
JOR,Jordan,1999,SP.DYN.LE00.IN,Life expectancy,Health,years,71.737,World Bank WDI
JOR,Jordan,2000,SP.DYN.LE00.IN,Life expectancy,Health,years,71.926,World Bank WDI
JOR,Jordan,2001,SP.DYN.LE00.IN,Life expectancy,Health,years,72.141,World Bank WDI
JOR,Jordan,2002,SP.DYN.LE00.IN,Life expectancy,Health,years,72.359,World Bank WDI
JOR,Jordan,2003,SP.DYN.LE00.IN,Life expectancy,Health,years,72.585,World Bank WDI
JOR,Jordan,2004,SP.DYN.LE00.IN,Life expectancy,Health,years,72.788,World Bank WDI
JOR,Jordan,2005,SP.DYN.LE00.IN,Life expectancy,Health,years,72.977,World Bank WDI
JOR,Jordan,2006,SP.DYN.LE00.IN,Life expectancy,Health,years,73.225,World Bank WDI
JOR,Jordan,2007,SP.DYN.LE00.IN,Life expectancy,Health,years,73.407,World Bank WDI
JOR,Jordan,2008,SP.DYN.LE00.IN,Life expectancy,Health,years,73.563,World Bank WDI
JOR,Jordan,2009,SP.DYN.LE00.IN,Life expectancy,Health,years,73.707,World Bank WDI
JOR,Jordan,2010,SP.DYN.LE00.IN,Life expectancy,Health,years,73.797,World Bank WDI
JOR,Jordan,2011,SP.DYN.LE00.IN,Life expectancy,Health,years,73.929,World Bank WDI
JOR,Jordan,2012,SP.DYN.LE00.IN,Life expectancy,Health,years,74.087,World Bank WDI
JOR,Jordan,2013,SP.DYN.LE00.IN,Life expectancy,Health,years,74.282,World Bank WDI
JOR,Jordan,2014,SP.DYN.LE00.IN,Life expectancy,Health,years,74.606,World Bank WDI
JOR,Jordan,2015,SP.DYN.LE00.IN,Life expectancy,Health,years,75.06,World Bank WDI
JOR,Jordan,2016,SP.DYN.LE00.IN,Life expectancy,Health,years,75.55,World Bank WDI
JOR,Jordan,2017,SP.DYN.LE00.IN,Life expectancy,Health,years,76.071,World Bank WDI
JOR,Jordan,2018,SP.DYN.LE00.IN,Life expectancy,Health,years,76.491,World Bank WDI
JOR,Jordan,2019,SP.DYN.LE00.IN,Life expectancy,Health,years,76.865,World Bank WDI
JOR,Jordan,2020,SP.DYN.LE00.IN,Life expectancy,Health,years,75.583,World Bank WDI
JOR,Jordan,2021,SP.DYN.LE00.IN,Life expectancy,Health,years,74.204,World Bank WDI
JOR,Jordan,2022,SP.DYN.LE00.IN,Life expectancy,Health,years,77.088,World Bank WDI
JOR,Jordan,2023,SP.DYN.LE00.IN,Life expectancy,Health,years,77.814,World Bank WDI
JOR,Jordan,2024,SP.DYN.LE00.IN,Life expectancy,Health,years,77.981,World Bank WDI
MAR,Morocco,1990,SP.DYN.LE00.IN,Life expectancy,Health,years,62.396,World Bank WDI
MAR,Morocco,1991,SP.DYN.LE00.IN,Life expectancy,Health,years,62.919,World Bank WDI
MAR,Morocco,1992,SP.DYN.LE00.IN,Life expectancy,Health,years,63.388,World Bank WDI
MAR,Morocco,1993,SP.DYN.LE00.IN,Life expectancy,Health,years,63.868,World Bank WDI
MAR,Morocco,1994,SP.DYN.LE00.IN,Life expectancy,Health,years,64.346,World Bank WDI
MAR,Morocco,1995,SP.DYN.LE00.IN,Life expectancy,Health,years,64.725,World Bank WDI
MAR,Morocco,1996,SP.DYN.LE00.IN,Life expectancy,Health,years,65.226,World Bank WDI
MAR,Morocco,1997,SP.DYN.LE00.IN,Life expectancy,Health,years,65.616,World Bank WDI
MAR,Morocco,1998,SP.DYN.LE00.IN,Life expectancy,Health,years,66.008,World Bank WDI
MAR,Morocco,1999,SP.DYN.LE00.IN,Life expectancy,Health,years,66.404,World Bank WDI
MAR,Morocco,2000,SP.DYN.LE00.IN,Life expectancy,Health,years,66.794,World Bank WDI
MAR,Morocco,2001,SP.DYN.LE00.IN,Life expectancy,Health,years,67.2,World Bank WDI
MAR,Morocco,2002,SP.DYN.LE00.IN,Life expectancy,Health,years,67.582,World Bank WDI
MAR,Morocco,2003,SP.DYN.LE00.IN,Life expectancy,Health,years,67.958,World Bank WDI
MAR,Morocco,2004,SP.DYN.LE00.IN,Life expectancy,Health,years,68.272,World Bank WDI
MAR,Morocco,2005,SP.DYN.LE00.IN,Life expectancy,Health,years,68.748,World Bank WDI
MAR,Morocco,2006,SP.DYN.LE00.IN,Life expectancy,Health,years,69.157,World Bank WDI
MAR,Morocco,2007,SP.DYN.LE00.IN,Life expectancy,Health,years,69.62,World Bank WDI
MAR,Morocco,2008,SP.DYN.LE00.IN,Life expectancy,Health,years,70.051,World Bank WDI
MAR,Morocco,2009,SP.DYN.LE00.IN,Life expectancy,Health,years,70.454,World Bank WDI
MAR,Morocco,2010,SP.DYN.LE00.IN,Life expectancy,Health,years,70.821,World Bank WDI
MAR,Morocco,2011,SP.DYN.LE00.IN,Life expectancy,Health,years,71.263,World Bank WDI
MAR,Morocco,2012,SP.DYN.LE00.IN,Life expectancy,Health,years,71.674,World Bank WDI
MAR,Morocco,2013,SP.DYN.LE00.IN,Life expectancy,Health,years,72.117,World Bank WDI
MAR,Morocco,2014,SP.DYN.LE00.IN,Life expectancy,Health,years,72.522,World Bank WDI
MAR,Morocco,2015,SP.DYN.LE00.IN,Life expectancy,Health,years,72.894,World Bank WDI
MAR,Morocco,2016,SP.DYN.LE00.IN,Life expectancy,Health,years,73.228,World Bank WDI
MAR,Morocco,2017,SP.DYN.LE00.IN,Life expectancy,Health,years,73.608,World Bank WDI
MAR,Morocco,2018,SP.DYN.LE00.IN,Life expectancy,Health,years,73.946,World Bank WDI
MAR,Morocco,2019,SP.DYN.LE00.IN,Life expectancy,Health,years,74.245,World Bank WDI
MAR,Morocco,2020,SP.DYN.LE00.IN,Life expectancy,Health,years,73.133,World Bank WDI
MAR,Morocco,2021,SP.DYN.LE00.IN,Life expectancy,Health,years,73.385,World Bank WDI
MAR,Morocco,2022,SP.DYN.LE00.IN,Life expectancy,Health,years,75.161,World Bank WDI
MAR,Morocco,2023,SP.DYN.LE00.IN,Life expectancy,Health,years,75.313,World Bank WDI
MAR,Morocco,2024,SP.DYN.LE00.IN,Life expectancy,Health,years,75.493,World Bank WDI
TUN,Tunisia,1990,SP.DYN.LE00.IN,Life expectancy,Health,years,69.092,World Bank WDI
TUN,Tunisia,1991,SP.DYN.LE00.IN,Life expectancy,Health,years,69.398,World Bank WDI
TUN,Tunisia,1992,SP.DYN.LE00.IN,Life expectancy,Health,years,69.684,World Bank WDI
TUN,Tunisia,1993,SP.DYN.LE00.IN,Life expectancy,Health,years,69.992,World Bank WDI
TUN,Tunisia,1994,SP.DYN.LE00.IN,Life expectancy,Health,years,70.363,World Bank WDI
TUN,Tunisia,1995,SP.DYN.LE00.IN,Life expectancy,Health,years,70.785,World Bank WDI
TUN,Tunisia,1996,SP.DYN.LE00.IN,Life expectancy,Health,years,71.247,World Bank WDI
TUN,Tunisia,1997,SP.DYN.LE00.IN,Life expectancy,Health,years,71.67,World Bank WDI
TUN,Tunisia,1998,SP.DYN.LE00.IN,Life expectancy,Health,years,72.067,World Bank WDI
TUN,Tunisia,1999,SP.DYN.LE00.IN,Life expectancy,Health,years,72.344,World Bank WDI
TUN,Tunisia,2000,SP.DYN.LE00.IN,Life expectancy,Health,years,72.604,World Bank WDI
TUN,Tunisia,2001,SP.DYN.LE00.IN,Life expectancy,Health,years,72.822,World Bank WDI
TUN,Tunisia,2002,SP.DYN.LE00.IN,Life expectancy,Health,years,73.07,World Bank WDI
TUN,Tunisia,2003,SP.DYN.LE00.IN,Life expectancy,Health,years,73.304,World Bank WDI
TUN,Tunisia,2004,SP.DYN.LE00.IN,Life expectancy,Health,years,73.519,World Bank WDI
TUN,Tunisia,2005,SP.DYN.LE00.IN,Life expectancy,Health,years,73.712,World Bank WDI
TUN,Tunisia,2006,SP.DYN.LE00.IN,Life expectancy,Health,years,73.888,World Bank WDI
TUN,Tunisia,2007,SP.DYN.LE00.IN,Life expectancy,Health,years,74.039,World Bank WDI
TUN,Tunisia,2008,SP.DYN.LE00.IN,Life expectancy,Health,years,74.192,World Bank WDI
TUN,Tunisia,2009,SP.DYN.LE00.IN,Life expectancy,Health,years,74.32,World Bank WDI
TUN,Tunisia,2010,SP.DYN.LE00.IN,Life expectancy,Health,years,74.438,World Bank WDI
TUN,Tunisia,2011,SP.DYN.LE00.IN,Life expectancy,Health,years,74.471,World Bank WDI
TUN,Tunisia,2012,SP.DYN.LE00.IN,Life expectancy,Health,years,74.599,World Bank WDI
TUN,Tunisia,2013,SP.DYN.LE00.IN,Life expectancy,Health,years,74.674,World Bank WDI
TUN,Tunisia,2014,SP.DYN.LE00.IN,Life expectancy,Health,years,74.784,World Bank WDI
TUN,Tunisia,2015,SP.DYN.LE00.IN,Life expectancy,Health,years,74.875,World Bank WDI
TUN,Tunisia,2016,SP.DYN.LE00.IN,Life expectancy,Health,years,75.007,World Bank WDI
TUN,Tunisia,2017,SP.DYN.LE00.IN,Life expectancy,Health,years,75.177,World Bank WDI
TUN,Tunisia,2018,SP.DYN.LE00.IN,Life expectancy,Health,years,75.37,World Bank WDI
TUN,Tunisia,2019,SP.DYN.LE00.IN,Life expectancy,Health,years,75.599,World Bank WDI
TUN,Tunisia,2020,SP.DYN.LE00.IN,Life expectancy,Health,years,75.004,World Bank WDI
TUN,Tunisia,2021,SP.DYN.LE00.IN,Life expectancy,Health,years,72.893,World Bank WDI
TUN,Tunisia,2022,SP.DYN.LE00.IN,Life expectancy,Health,years,76.05,World Bank WDI
TUN,Tunisia,2023,SP.DYN.LE00.IN,Life expectancy,Health,years,76.508,World Bank WDI
TUN,Tunisia,2024,SP.DYN.LE00.IN,Life expectancy,Health,years,76.711,World Bank WDI
TUR,Turkiye,1990,SP.DYN.LE00.IN,Life expectancy,Health,years,67.835,World Bank WDI
TUR,Turkiye,1991,SP.DYN.LE00.IN,Life expectancy,Health,years,68.287,World Bank WDI
TUR,Turkiye,1992,SP.DYN.LE00.IN,Life expectancy,Health,years,68.603,World Bank WDI
TUR,Turkiye,1993,SP.DYN.LE00.IN,Life expectancy,Health,years,69.018,World Bank WDI
TUR,Turkiye,1994,SP.DYN.LE00.IN,Life expectancy,Health,years,69.402,World Bank WDI
TUR,Turkiye,1995,SP.DYN.LE00.IN,Life expectancy,Health,years,69.734,World Bank WDI
TUR,Turkiye,1996,SP.DYN.LE00.IN,Life expectancy,Health,years,70.245,World Bank WDI
TUR,Turkiye,1997,SP.DYN.LE00.IN,Life expectancy,Health,years,70.668,World Bank WDI
TUR,Turkiye,1998,SP.DYN.LE00.IN,Life expectancy,Health,years,71.144,World Bank WDI
TUR,Turkiye,1999,SP.DYN.LE00.IN,Life expectancy,Health,years,70.752,World Bank WDI
TUR,Turkiye,2000,SP.DYN.LE00.IN,Life expectancy,Health,years,71.931,World Bank WDI
TUR,Turkiye,2001,SP.DYN.LE00.IN,Life expectancy,Health,years,72.271,World Bank WDI
TUR,Turkiye,2002,SP.DYN.LE00.IN,Life expectancy,Health,years,72.605,World Bank WDI
TUR,Turkiye,2003,SP.DYN.LE00.IN,Life expectancy,Health,years,72.906,World Bank WDI
TUR,Turkiye,2004,SP.DYN.LE00.IN,Life expectancy,Health,years,73.223,World Bank WDI
TUR,Turkiye,2005,SP.DYN.LE00.IN,Life expectancy,Health,years,73.51,World Bank WDI
TUR,Turkiye,2006,SP.DYN.LE00.IN,Life expectancy,Health,years,73.804,World Bank WDI
TUR,Turkiye,2007,SP.DYN.LE00.IN,Life expectancy,Health,years,74.129,World Bank WDI
TUR,Turkiye,2008,SP.DYN.LE00.IN,Life expectancy,Health,years,74.38,World Bank WDI
TUR,Turkiye,2009,SP.DYN.LE00.IN,Life expectancy,Health,years,74.679,World Bank WDI
TUR,Turkiye,2010,SP.DYN.LE00.IN,Life expectancy,Health,years,74.964,World Bank WDI
TUR,Turkiye,2011,SP.DYN.LE00.IN,Life expectancy,Health,years,74.823,World Bank WDI
TUR,Turkiye,2012,SP.DYN.LE00.IN,Life expectancy,Health,years,75.552,World Bank WDI
TUR,Turkiye,2013,SP.DYN.LE00.IN,Life expectancy,Health,years,76.171,World Bank WDI
TUR,Turkiye,2014,SP.DYN.LE00.IN,Life expectancy,Health,years,76.452,World Bank WDI
TUR,Turkiye,2015,SP.DYN.LE00.IN,Life expectancy,Health,years,76.539,World Bank WDI
TUR,Turkiye,2016,SP.DYN.LE00.IN,Life expectancy,Health,years,76.595,World Bank WDI
TUR,Turkiye,2017,SP.DYN.LE00.IN,Life expectancy,Health,years,77.037,World Bank WDI
TUR,Turkiye,2018,SP.DYN.LE00.IN,Life expectancy,Health,years,77.454,World Bank WDI
TUR,Turkiye,2019,SP.DYN.LE00.IN,Life expectancy,Health,years,77.737,World Bank WDI
TUR,Turkiye,2020,SP.DYN.LE00.IN,Life expectancy,Health,years,76.525,World Bank WDI
TUR,Turkiye,2021,SP.DYN.LE00.IN,Life expectancy,Health,years,75.722,World Bank WDI
TUR,Turkiye,2022,SP.DYN.LE00.IN,Life expectancy,Health,years,77.591,World Bank WDI
TUR,Turkiye,2023,SP.DYN.LE00.IN,Life expectancy,Health,years,77.156,World Bank WDI
TUR,Turkiye,2024,SP.DYN.LE00.IN,Life expectancy,Health,years,77.421,World Bank WDI
DZA,Algeria,1990,SP.POP.TOTL,Population,People,people,25375810.0,World Bank WDI
DZA,Algeria,1991,SP.POP.TOTL,Population,People,people,25987928.0,World Bank WDI
DZA,Algeria,1992,SP.POP.TOTL,Population,People,people,26628568.0,World Bank WDI
DZA,Algeria,1993,SP.POP.TOTL,Population,People,people,27277048.0,World Bank WDI
DZA,Algeria,1994,SP.POP.TOTL,Population,People,people,27887279.0,World Bank WDI
DZA,Algeria,1995,SP.POP.TOTL,Population,People,people,28470191.0,World Bank WDI
DZA,Algeria,1996,SP.POP.TOTL,Population,People,people,29033044.0,World Bank WDI
DZA,Algeria,1997,SP.POP.TOTL,Population,People,people,29579301.0,World Bank WDI
DZA,Algeria,1998,SP.POP.TOTL,Population,People,people,30054133.0,World Bank WDI
DZA,Algeria,1999,SP.POP.TOTL,Population,People,people,30474354.0,World Bank WDI
DZA,Algeria,2000,SP.POP.TOTL,Population,People,people,30903893.0,World Bank WDI
DZA,Algeria,2001,SP.POP.TOTL,Population,People,people,31331221.0,World Bank WDI
DZA,Algeria,2002,SP.POP.TOTL,Population,People,people,31750835.0,World Bank WDI
DZA,Algeria,2003,SP.POP.TOTL,Population,People,people,32175818.0,World Bank WDI
DZA,Algeria,2004,SP.POP.TOTL,Population,People,people,32628286.0,World Bank WDI
DZA,Algeria,2005,SP.POP.TOTL,Population,People,people,33109249.0,World Bank WDI
DZA,Algeria,2006,SP.POP.TOTL,Population,People,people,33623506.0,World Bank WDI
DZA,Algeria,2007,SP.POP.TOTL,Population,People,people,34189416.0,World Bank WDI
DZA,Algeria,2008,SP.POP.TOTL,Population,People,people,34816961.0,World Bank WDI
DZA,Algeria,2009,SP.POP.TOTL,Population,People,people,35490445.0,World Bank WDI
DZA,Algeria,2010,SP.POP.TOTL,Population,People,people,36188236.0,World Bank WDI
DZA,Algeria,2011,SP.POP.TOTL,Population,People,people,36903376.0,World Bank WDI
DZA,Algeria,2012,SP.POP.TOTL,Population,People,people,37646166.0,World Bank WDI
DZA,Algeria,2013,SP.POP.TOTL,Population,People,people,38414171.0,World Bank WDI
DZA,Algeria,2014,SP.POP.TOTL,Population,People,people,39205031.0,World Bank WDI
DZA,Algeria,2015,SP.POP.TOTL,Population,People,people,40019529.0,World Bank WDI
DZA,Algeria,2016,SP.POP.TOTL,Population,People,people,40850721.0,World Bank WDI
DZA,Algeria,2017,SP.POP.TOTL,Population,People,people,41689299.0,World Bank WDI
DZA,Algeria,2018,SP.POP.TOTL,Population,People,people,42505035.0,World Bank WDI
DZA,Algeria,2019,SP.POP.TOTL,Population,People,people,43294546.0,World Bank WDI
DZA,Algeria,2020,SP.POP.TOTL,Population,People,people,44042091.0,World Bank WDI
DZA,Algeria,2021,SP.POP.TOTL,Population,People,people,44761099.0,World Bank WDI
DZA,Algeria,2022,SP.POP.TOTL,Population,People,people,45477389.0,World Bank WDI
DZA,Algeria,2023,SP.POP.TOTL,Population,People,people,46164219.0,World Bank WDI
DZA,Algeria,2024,SP.POP.TOTL,Population,People,people,46814308.0,World Bank WDI
DZA,Algeria,2025,SP.POP.TOTL,Population,People,people,47435312.0,World Bank WDI
EGY,"Egypt, Arab Rep.",1990,SP.POP.TOTL,Population,People,people,58396618.0,World Bank WDI
EGY,"Egypt, Arab Rep.",1991,SP.POP.TOTL,Population,People,people,60028997.0,World Bank WDI
EGY,"Egypt, Arab Rep.",1992,SP.POP.TOTL,Population,People,people,61480660.0,World Bank WDI
EGY,"Egypt, Arab Rep.",1993,SP.POP.TOTL,Population,People,people,62915681.0,World Bank WDI
EGY,"Egypt, Arab Rep.",1994,SP.POP.TOTL,Population,People,people,64285589.0,World Bank WDI
EGY,"Egypt, Arab Rep.",1995,SP.POP.TOTL,Population,People,people,65652622.0,World Bank WDI
EGY,"Egypt, Arab Rep.",1996,SP.POP.TOTL,Population,People,people,67028048.0,World Bank WDI
EGY,"Egypt, Arab Rep.",1997,SP.POP.TOTL,Population,People,people,68431740.0,World Bank WDI
EGY,"Egypt, Arab Rep.",1998,SP.POP.TOTL,Population,People,people,69943294.0,World Bank WDI
EGY,"Egypt, Arab Rep.",1999,SP.POP.TOTL,Population,People,people,71520954.0,World Bank WDI
EGY,"Egypt, Arab Rep.",2000,SP.POP.TOTL,Population,People,people,73083284.0,World Bank WDI
EGY,"Egypt, Arab Rep.",2001,SP.POP.TOTL,Population,People,people,74652029.0,World Bank WDI
EGY,"Egypt, Arab Rep.",2002,SP.POP.TOTL,Population,People,people,76239137.0,World Bank WDI
EGY,"Egypt, Arab Rep.",2003,SP.POP.TOTL,Population,People,people,77853548.0,World Bank WDI
EGY,"Egypt, Arab Rep.",2004,SP.POP.TOTL,Population,People,people,79477443.0,World Bank WDI
EGY,"Egypt, Arab Rep.",2005,SP.POP.TOTL,Population,People,people,81101004.0,World Bank WDI
EGY,"Egypt, Arab Rep.",2006,SP.POP.TOTL,Population,People,people,82700403.0,World Bank WDI
EGY,"Egypt, Arab Rep.",2007,SP.POP.TOTL,Population,People,people,84276225.0,World Bank WDI
EGY,"Egypt, Arab Rep.",2008,SP.POP.TOTL,Population,People,people,85864789.0,World Bank WDI
EGY,"Egypt, Arab Rep.",2009,SP.POP.TOTL,Population,People,people,87501636.0,World Bank WDI
EGY,"Egypt, Arab Rep.",2010,SP.POP.TOTL,Population,People,people,89196072.0,World Bank WDI
EGY,"Egypt, Arab Rep.",2011,SP.POP.TOTL,Population,People,people,91093059.0,World Bank WDI
EGY,"Egypt, Arab Rep.",2012,SP.POP.TOTL,Population,People,people,93161001.0,World Bank WDI
EGY,"Egypt, Arab Rep.",2013,SP.POP.TOTL,Population,People,people,95333553.0,World Bank WDI
EGY,"Egypt, Arab Rep.",2014,SP.POP.TOTL,Population,People,people,97528654.0,World Bank WDI
EGY,"Egypt, Arab Rep.",2015,SP.POP.TOTL,Population,People,people,99597342.0,World Bank WDI
EGY,"Egypt, Arab Rep.",2016,SP.POP.TOTL,Population,People,people,101644589.0,World Bank WDI
EGY,"Egypt, Arab Rep.",2017,SP.POP.TOTL,Population,People,people,103696057.0,World Bank WDI
EGY,"Egypt, Arab Rep.",2018,SP.POP.TOTL,Population,People,people,105682094.0,World Bank WDI
EGY,"Egypt, Arab Rep.",2019,SP.POP.TOTL,Population,People,people,107553158.0,World Bank WDI
EGY,"Egypt, Arab Rep.",2020,SP.POP.TOTL,Population,People,people,109315124.0,World Bank WDI
EGY,"Egypt, Arab Rep.",2021,SP.POP.TOTL,Population,People,people,110957008.0,World Bank WDI
EGY,"Egypt, Arab Rep.",2022,SP.POP.TOTL,Population,People,people,112618250.0,World Bank WDI
EGY,"Egypt, Arab Rep.",2023,SP.POP.TOTL,Population,People,people,114535772.0,World Bank WDI
EGY,"Egypt, Arab Rep.",2024,SP.POP.TOTL,Population,People,people,116538258.0,World Bank WDI
EGY,"Egypt, Arab Rep.",2025,SP.POP.TOTL,Population,People,people,118365995.0,World Bank WDI
JOR,Jordan,1990,SP.POP.TOTL,Population,People,people,3621908.0,World Bank WDI
JOR,Jordan,1991,SP.POP.TOTL,Population,People,people,3915149.0,World Bank WDI
JOR,Jordan,1992,SP.POP.TOTL,Population,People,people,4127693.0,World Bank WDI
JOR,Jordan,1993,SP.POP.TOTL,Population,People,people,4348020.0,World Bank WDI
JOR,Jordan,1994,SP.POP.TOTL,Population,People,people,4561406.0,World Bank WDI
JOR,Jordan,1995,SP.POP.TOTL,Population,People,people,4752096.0,World Bank WDI
JOR,Jordan,1996,SP.POP.TOTL,Population,People,people,4912516.0,World Bank WDI
JOR,Jordan,1997,SP.POP.TOTL,Population,People,people,5046285.0,World Bank WDI
JOR,Jordan,1998,SP.POP.TOTL,Population,People,people,5164284.0,World Bank WDI
JOR,Jordan,1999,SP.POP.TOTL,Population,People,people,5276444.0,World Bank WDI
JOR,Jordan,2000,SP.POP.TOTL,Population,People,people,5386945.0,World Bank WDI
JOR,Jordan,2001,SP.POP.TOTL,Population,People,people,5498894.0,World Bank WDI
JOR,Jordan,2002,SP.POP.TOTL,Population,People,people,5616066.0,World Bank WDI
JOR,Jordan,2003,SP.POP.TOTL,Population,People,people,5741828.0,World Bank WDI
JOR,Jordan,2004,SP.POP.TOTL,Population,People,people,5882061.0,World Bank WDI
JOR,Jordan,2005,SP.POP.TOTL,Population,People,people,6029587.0,World Bank WDI
JOR,Jordan,2006,SP.POP.TOTL,Population,People,people,6427371.0,World Bank WDI
JOR,Jordan,2007,SP.POP.TOTL,Population,People,people,6827227.0,World Bank WDI
JOR,Jordan,2008,SP.POP.TOTL,Population,People,people,6989866.0,World Bank WDI
JOR,Jordan,2009,SP.POP.TOTL,Population,People,people,7141753.0,World Bank WDI
JOR,Jordan,2010,SP.POP.TOTL,Population,People,people,7297043.0,World Bank WDI
JOR,Jordan,2011,SP.POP.TOTL,Population,People,people,7480424.0,World Bank WDI
JOR,Jordan,2012,SP.POP.TOTL,Population,People,people,7587127.0,World Bank WDI
JOR,Jordan,2013,SP.POP.TOTL,Population,People,people,7991809.0,World Bank WDI
JOR,Jordan,2014,SP.POP.TOTL,Population,People,people,8791710.0,World Bank WDI
JOR,Jordan,2015,SP.POP.TOTL,Population,People,people,9544729.0,World Bank WDI
JOR,Jordan,2016,SP.POP.TOTL,Population,People,people,10006367.0,World Bank WDI
JOR,Jordan,2017,SP.POP.TOTL,Population,People,people,10234226.0,World Bank WDI
JOR,Jordan,2018,SP.POP.TOTL,Population,People,people,10462306.0,World Bank WDI
JOR,Jordan,2019,SP.POP.TOTL,Population,People,people,10671891.0,World Bank WDI
JOR,Jordan,2020,SP.POP.TOTL,Population,People,people,10865228.0,World Bank WDI
JOR,Jordan,2021,SP.POP.TOTL,Population,People,people,11066356.0,World Bank WDI
JOR,Jordan,2022,SP.POP.TOTL,Population,People,people,11256263.0,World Bank WDI
JOR,Jordan,2023,SP.POP.TOTL,Population,People,people,11439213.0,World Bank WDI
JOR,Jordan,2024,SP.POP.TOTL,Population,People,people,11552876.0,World Bank WDI
JOR,Jordan,2025,SP.POP.TOTL,Population,People,people,11520684.0,World Bank WDI
MAR,Morocco,1990,SP.POP.TOTL,Population,People,people,24375551.0,World Bank WDI
MAR,Morocco,1991,SP.POP.TOTL,Population,People,people,24799014.0,World Bank WDI
MAR,Morocco,1992,SP.POP.TOTL,Population,People,people,25212468.0,World Bank WDI
MAR,Morocco,1993,SP.POP.TOTL,Population,People,people,25614586.0,World Bank WDI
MAR,Morocco,1994,SP.POP.TOTL,Population,People,people,26000822.0,World Bank WDI
MAR,Morocco,1995,SP.POP.TOTL,Population,People,people,26399429.0,World Bank WDI
MAR,Morocco,1996,SP.POP.TOTL,Population,People,people,26808107.0,World Bank WDI
MAR,Morocco,1997,SP.POP.TOTL,Population,People,people,27213337.0,World Bank WDI
MAR,Morocco,1998,SP.POP.TOTL,Population,People,people,27621648.0,World Bank WDI
MAR,Morocco,1999,SP.POP.TOTL,Population,People,people,28027179.0,World Bank WDI
MAR,Morocco,2000,SP.POP.TOTL,Population,People,people,28423435.0,World Bank WDI
MAR,Morocco,2001,SP.POP.TOTL,Population,People,people,28814643.0,World Bank WDI
MAR,Morocco,2002,SP.POP.TOTL,Population,People,people,29198142.0,World Bank WDI
MAR,Morocco,2003,SP.POP.TOTL,Population,People,people,29571415.0,World Bank WDI
MAR,Morocco,2004,SP.POP.TOTL,Population,People,people,29953018.0,World Bank WDI
MAR,Morocco,2005,SP.POP.TOTL,Population,People,people,30358144.0,World Bank WDI
MAR,Morocco,2006,SP.POP.TOTL,Population,People,people,30771178.0,World Bank WDI
MAR,Morocco,2007,SP.POP.TOTL,Population,People,people,31186468.0,World Bank WDI
MAR,Morocco,2008,SP.POP.TOTL,Population,People,people,31606767.0,World Bank WDI
MAR,Morocco,2009,SP.POP.TOTL,Population,People,people,32030778.0,World Bank WDI
MAR,Morocco,2010,SP.POP.TOTL,Population,People,people,32467016.0,World Bank WDI
MAR,Morocco,2011,SP.POP.TOTL,Population,People,people,32912588.0,World Bank WDI
MAR,Morocco,2012,SP.POP.TOTL,Population,People,people,33355241.0,World Bank WDI
MAR,Morocco,2013,SP.POP.TOTL,Population,People,people,33787571.0,World Bank WDI
MAR,Morocco,2014,SP.POP.TOTL,Population,People,people,34204780.0,World Bank WDI
MAR,Morocco,2015,SP.POP.TOTL,Population,People,people,34607588.0,World Bank WDI
MAR,Morocco,2016,SP.POP.TOTL,Population,People,people,35023457.0,World Bank WDI
MAR,Morocco,2017,SP.POP.TOTL,Population,People,people,35446392.0,World Bank WDI
MAR,Morocco,2018,SP.POP.TOTL,Population,People,people,35839760.0,World Bank WDI
MAR,Morocco,2019,SP.POP.TOTL,Population,People,people,36210898.0,World Bank WDI
MAR,Morocco,2020,SP.POP.TOTL,Population,People,people,36584208.0,World Bank WDI
MAR,Morocco,2021,SP.POP.TOTL,Population,People,people,36954442.0,World Bank WDI
MAR,Morocco,2022,SP.POP.TOTL,Population,People,people,37329064.0,World Bank WDI
MAR,Morocco,2023,SP.POP.TOTL,Population,People,people,37712505.0,World Bank WDI
MAR,Morocco,2024,SP.POP.TOTL,Population,People,people,38081173.0,World Bank WDI
MAR,Morocco,2025,SP.POP.TOTL,Population,People,people,38430770.0,World Bank WDI
TUN,Tunisia,1990,SP.POP.TOTL,Population,People,people,8324509.0,World Bank WDI
TUN,Tunisia,1991,SP.POP.TOTL,Population,People,people,8501827.0,World Bank WDI
TUN,Tunisia,1992,SP.POP.TOTL,Population,People,people,8682512.0,World Bank WDI
TUN,Tunisia,1993,SP.POP.TOTL,Population,People,people,8857910.0,World Bank WDI
TUN,Tunisia,1994,SP.POP.TOTL,Population,People,people,9018448.0,World Bank WDI
TUN,Tunisia,1995,SP.POP.TOTL,Population,People,people,9161258.0,World Bank WDI
TUN,Tunisia,1996,SP.POP.TOTL,Population,People,people,9294432.0,World Bank WDI
TUN,Tunisia,1997,SP.POP.TOTL,Population,People,people,9421270.0,World Bank WDI
TUN,Tunisia,1998,SP.POP.TOTL,Population,People,people,9541667.0,World Bank WDI
TUN,Tunisia,1999,SP.POP.TOTL,Population,People,people,9655963.0,World Bank WDI
TUN,Tunisia,2000,SP.POP.TOTL,Population,People,people,9764935.0,World Bank WDI
TUN,Tunisia,2001,SP.POP.TOTL,Population,People,people,9869677.0,World Bank WDI
TUN,Tunisia,2002,SP.POP.TOTL,Population,People,people,9971515.0,World Bank WDI
TUN,Tunisia,2003,SP.POP.TOTL,Population,People,people,10071632.0,World Bank WDI
TUN,Tunisia,2004,SP.POP.TOTL,Population,People,people,10166163.0,World Bank WDI
TUN,Tunisia,2005,SP.POP.TOTL,Population,People,people,10255472.0,World Bank WDI
TUN,Tunisia,2006,SP.POP.TOTL,Population,People,people,10346410.0,World Bank WDI
TUN,Tunisia,2007,SP.POP.TOTL,Population,People,people,10441702.0,World Bank WDI
TUN,Tunisia,2008,SP.POP.TOTL,Population,People,people,10542635.0,World Bank WDI
TUN,Tunisia,2009,SP.POP.TOTL,Population,People,people,10650681.0,World Bank WDI
TUN,Tunisia,2010,SP.POP.TOTL,Population,People,people,10765980.0,World Bank WDI
TUN,Tunisia,2011,SP.POP.TOTL,Population,People,people,10886035.0,World Bank WDI
TUN,Tunisia,2012,SP.POP.TOTL,Population,People,people,11009647.0,World Bank WDI
TUN,Tunisia,2013,SP.POP.TOTL,Population,People,people,11141361.0,World Bank WDI
TUN,Tunisia,2014,SP.POP.TOTL,Population,People,people,11274288.0,World Bank WDI
TUN,Tunisia,2015,SP.POP.TOTL,Population,People,people,11402264.0,World Bank WDI
TUN,Tunisia,2016,SP.POP.TOTL,Population,People,people,11528674.0,World Bank WDI
TUN,Tunisia,2017,SP.POP.TOTL,Population,People,people,11650498.0,World Bank WDI
TUN,Tunisia,2018,SP.POP.TOTL,Population,People,people,11765514.0,World Bank WDI
TUN,Tunisia,2019,SP.POP.TOTL,Population,People,people,11875081.0,World Bank WDI
TUN,Tunisia,2020,SP.POP.TOTL,Population,People,people,11974057.0,World Bank WDI
TUN,Tunisia,2021,SP.POP.TOTL,Population,People,people,12048622.0,World Bank WDI
TUN,Tunisia,2022,SP.POP.TOTL,Population,People,people,12119334.0,World Bank WDI
TUN,Tunisia,2023,SP.POP.TOTL,Population,People,people,12200431.0,World Bank WDI
TUN,Tunisia,2024,SP.POP.TOTL,Population,People,people,12277109.0,World Bank WDI
TUN,Tunisia,2025,SP.POP.TOTL,Population,People,people,12348573.0,World Bank WDI
TUR,Turkiye,1990,SP.POP.TOTL,Population,People,people,56015628.0,World Bank WDI
TUR,Turkiye,1991,SP.POP.TOTL,Population,People,people,57009887.0,World Bank WDI
TUR,Turkiye,1992,SP.POP.TOTL,Population,People,people,57990118.0,World Bank WDI
TUR,Turkiye,1993,SP.POP.TOTL,Population,People,people,58999167.0,World Bank WDI
TUR,Turkiye,1994,SP.POP.TOTL,Population,People,people,60033836.0,World Bank WDI
TUR,Turkiye,1995,SP.POP.TOTL,Population,People,people,61024503.0,World Bank WDI
TUR,Turkiye,1996,SP.POP.TOTL,Population,People,people,61951134.0,World Bank WDI
TUR,Turkiye,1997,SP.POP.TOTL,Population,People,people,62852966.0,World Bank WDI
TUR,Turkiye,1998,SP.POP.TOTL,Population,People,people,63734383.0,World Bank WDI
TUR,Turkiye,1999,SP.POP.TOTL,Population,People,people,64591923.0,World Bank WDI
TUR,Turkiye,2000,SP.POP.TOTL,Population,People,people,65425961.0,World Bank WDI
TUR,Turkiye,2001,SP.POP.TOTL,Population,People,people,66245128.0,World Bank WDI
TUR,Turkiye,2002,SP.POP.TOTL,Population,People,people,67048795.0,World Bank WDI
TUR,Turkiye,2003,SP.POP.TOTL,Population,People,people,67831730.0,World Bank WDI
TUR,Turkiye,2004,SP.POP.TOTL,Population,People,people,68592617.0,World Bank WDI
TUR,Turkiye,2005,SP.POP.TOTL,Population,People,people,69329557.0,World Bank WDI
TUR,Turkiye,2006,SP.POP.TOTL,Population,People,people,70045349.0,World Bank WDI
TUR,Turkiye,2007,SP.POP.TOTL,Population,People,people,70158112.0,World Bank WDI
TUR,Turkiye,2008,SP.POP.TOTL,Population,People,people,71051678.0,World Bank WDI
TUR,Turkiye,2009,SP.POP.TOTL,Population,People,people,72039206.0,World Bank WDI
TUR,Turkiye,2010,SP.POP.TOTL,Population,People,people,73142150.0,World Bank WDI
TUR,Turkiye,2011,SP.POP.TOTL,Population,People,people,74223629.0,World Bank WDI
TUR,Turkiye,2012,SP.POP.TOTL,Population,People,people,75175827.0,World Bank WDI
TUR,Turkiye,2013,SP.POP.TOTL,Population,People,people,76147624.0,World Bank WDI
TUR,Turkiye,2014,SP.POP.TOTL,Population,People,people,77181884.0,World Bank WDI
TUR,Turkiye,2015,SP.POP.TOTL,Population,People,people,78218479.0,World Bank WDI
TUR,Turkiye,2016,SP.POP.TOTL,Population,People,people,79277962.0,World Bank WDI
TUR,Turkiye,2017,SP.POP.TOTL,Population,People,people,80312698.0,World Bank WDI
TUR,Turkiye,2018,SP.POP.TOTL,Population,People,people,81407204.0,World Bank WDI
TUR,Turkiye,2019,SP.POP.TOTL,Population,People,people,82579440.0,World Bank WDI
TUR,Turkiye,2020,SP.POP.TOTL,Population,People,people,83384680.0,World Bank WDI
TUR,Turkiye,2021,SP.POP.TOTL,Population,People,people,84147318.0,World Bank WDI
TUR,Turkiye,2022,SP.POP.TOTL,Population,People,people,84979913.0,World Bank WDI
TUR,Turkiye,2023,SP.POP.TOTL,Population,People,people,85325965.0,World Bank WDI
TUR,Turkiye,2024,SP.POP.TOTL,Population,People,people,85518661.0,World Bank WDI
TUR,Turkiye,2025,SP.POP.TOTL,Population,People,people,85878556.0,World Bank WDI
